encounter_id,patient_nbr,diag_group,age_mid,gender,risk_score,risk_level,n_alerts,alerts_text,recommended_action,readmitted_30d
243967338,88785891,Diabetes,25,Female,0.833,HIGH,4,2+ inpatient stays in the past year - enrol in care-coordination programme | 2+ emergency visits in the past year - review outpatient access and follow-up plan | Diabetes medication dose changed this admission - medication reconciliation and patient education | High risk and discharged home - arrange follow-up call within 48-72 hours,Review before discharge; follow-up visit within 7 days; case-manager call,0
222532428,88844373,Digestive,35,Female,0.808,HIGH,5,2+ inpatient stays in the past year - enrol in care-coordination programme | 2+ emergency visits in the past year - review outpatient access and follow-up plan | Diabetes medication dose changed this admission - medication reconciliation and patient education | High comorbidity burden (9+ diagnoses) - consider multidisciplinary review | High risk and discharged home - arrange follow-up call within 48-72 hours,Review before discharge; follow-up visit within 7 days; case-manager call,0
223647786,88785891,Diabetes,25,Female,0.805,HIGH,5,2+ inpatient stays in the past year - enrol in care-coordination programme | 2+ emergency visits in the past year - review outpatient access and follow-up plan | Diabetes medication dose changed this admission - medication reconciliation and patient education | High comorbidity burden (9+ diagnoses) - consider multidisciplinary review | High risk and discharged home - arrange follow-up call within 48-72 hours,Review before discharge; follow-up visit within 7 days; case-manager call,1
225428574,88785891,Diabetes,25,Female,0.804,HIGH,5,2+ inpatient stays in the past year - enrol in care-coordination programme | 2+ emergency visits in the past year - review outpatient access and follow-up plan | Diabetes medication dose changed this admission - medication reconciliation and patient education | High comorbidity burden (9+ diagnoses) - consider multidisciplinary review | High risk and discharged home - arrange follow-up call within 48-72 hours,Review before discharge; follow-up visit within 7 days; case-manager call,0
284109186,88785891,Diabetes,25,Female,0.799,HIGH,5,2+ inpatient stays in the past year - enrol in care-coordination programme | 2+ emergency visits in the past year - review outpatient access and follow-up plan | Diabetes medication dose changed this admission - medication reconciliation and patient education | High comorbidity burden (9+ diagnoses) - consider multidisciplinary review | High risk and discharged home - arrange follow-up call within 48-72 hours,Review before discharge; follow-up visit within 7 days; case-manager call,0
272341200,88227540,Diabetes,45,Female,0.797,HIGH,4,2+ inpatient stays in the past year - enrol in care-coordination programme | 2+ emergency visits in the past year - review outpatient access and follow-up plan | High comorbidity burden (9+ diagnoses) - consider multidisciplinary review | High risk and discharged home - arrange follow-up call within 48-72 hours,Review before discharge; follow-up visit within 7 days; case-manager call,1
324896540,110665377,Diabetes,35,Female,0.794,HIGH,4,2+ inpatient stays in the past year - enrol in care-coordination programme | 2+ emergency visits in the past year - review outpatient access and follow-up plan | High comorbidity burden (9+ diagnoses) - consider multidisciplinary review | High risk and discharged home - arrange follow-up call within 48-72 hours,Review before discharge; follow-up visit within 7 days; case-manager call,1
313808552,110665377,Digestive,35,Female,0.787,HIGH,4,2+ inpatient stays in the past year - enrol in care-coordination programme | 2+ emergency visits in the past year - review outpatient access and follow-up plan | High comorbidity burden (9+ diagnoses) - consider multidisciplinary review | High risk and discharged home - arrange follow-up call within 48-72 hours,Review before discharge; follow-up visit within 7 days; case-manager call,0
220853046,90489195,Other,35,Female,0.784,HIGH,6,2+ inpatient stays in the past year - enrol in care-coordination programme | 2+ emergency visits in the past year - review outpatient access and follow-up plan | Diabetes medication dose changed this admission - medication reconciliation and patient education | High comorbidity burden (9+ diagnoses) - consider multidisciplinary review | Prolonged stay (8+ days) - confirm clinical stability before discharge | High risk and discharged home - arrange follow-up call within 48-72 hours,Review before discharge; follow-up visit within 7 days; case-manager call,0
205106328,88785891,Diabetes,25,Female,0.78,HIGH,4,2+ inpatient stays in the past year - enrol in care-coordination programme | 2+ emergency visits in the past year - review outpatient access and follow-up plan | Diabetes medication dose changed this admission - medication reconciliation and patient education | High risk and discharged home - arrange follow-up call within 48-72 hours,Review before discharge; follow-up visit within 7 days; case-manager call,1
437332322,110665377,Diabetes,35,Female,0.779,HIGH,4,2+ inpatient stays in the past year - enrol in care-coordination programme | 2+ emergency visits in the past year - review outpatient access and follow-up plan | High comorbidity burden (9+ diagnoses) - consider multidisciplinary review | High risk and discharged home - arrange follow-up call within 48-72 hours,Review before discharge; follow-up visit within 7 days; case-manager call,0
392073212,88785891,Diabetes,25,Female,0.779,HIGH,5,2+ inpatient stays in the past year - enrol in care-coordination programme | 2+ emergency visits in the past year - review outpatient access and follow-up plan | Diabetes medication dose changed this admission - medication reconciliation and patient education | High comorbidity burden (9+ diagnoses) - consider multidisciplinary review | High risk and discharged home - arrange follow-up call within 48-72 hours,Review before discharge; follow-up visit within 7 days; case-manager call,0
281267754,88785891,Diabetes,25,Female,0.778,HIGH,5,2+ inpatient stays in the past year - enrol in care-coordination programme | 2+ emergency visits in the past year - review outpatient access and follow-up plan | Diabetes medication dose changed this admission - medication reconciliation and patient education | High comorbidity burden (9+ diagnoses) - consider multidisciplinary review | High risk and discharged home - arrange follow-up call within 48-72 hours,Review before discharge; follow-up visit within 7 days; case-manager call,1
419611106,88785891,Diabetes,25,Female,0.776,HIGH,4,2+ inpatient stays in the past year - enrol in care-coordination programme | 2+ emergency visits in the past year - review outpatient access and follow-up plan | Diabetes medication dose changed this admission - medication reconciliation and patient education | High risk and discharged home - arrange follow-up call within 48-72 hours,Review before discharge; follow-up visit within 7 days; case-manager call,0
174689286,88785891,Diabetes,25,Female,0.774,HIGH,5,2+ inpatient stays in the past year - enrol in care-coordination programme | 2+ emergency visits in the past year - review outpatient access and follow-up plan | Diabetes medication dose changed this admission - medication reconciliation and patient education | High comorbidity burden (9+ diagnoses) - consider multidisciplinary review | High risk and discharged home - arrange follow-up call within 48-72 hours,Review before discharge; follow-up visit within 7 days; case-manager call,1
160357956,23199021,Digestive,55,Male,0.773,HIGH,4,2+ inpatient stays in the past year - enrol in care-coordination programme | 2+ emergency visits in the past year - review outpatient access and follow-up plan | High comorbidity burden (9+ diagnoses) - consider multidisciplinary review | High risk and discharged home - arrange follow-up call within 48-72 hours,Review before discharge; follow-up visit within 7 days; case-manager call,1
395533322,90050157,Diabetes,55,Female,0.773,HIGH,4,2+ inpatient stays in the past year - enrol in care-coordination programme | 2+ emergency visits in the past year - review outpatient access and follow-up plan | High comorbidity burden (9+ diagnoses) - consider multidisciplinary review | High risk and discharged home - arrange follow-up call within 48-72 hours,Review before discharge; follow-up visit within 7 days; case-manager call,1
198897378,88227540,Musculoskeletal,45,Female,0.771,HIGH,4,2+ inpatient stays in the past year - enrol in care-coordination programme | 2+ emergency visits in the past year - review outpatient access and follow-up plan | Diabetes medication dose changed this admission - medication reconciliation and patient education | High risk and discharged home - arrange follow-up call within 48-72 hours,Review before discharge; follow-up visit within 7 days; case-manager call,0
309563132,88785891,Digestive,25,Female,0.77,HIGH,5,2+ inpatient stays in the past year - enrol in care-coordination programme | 2+ emergency visits in the past year - review outpatient access and follow-up plan | Diabetes medication dose changed this admission - medication reconciliation and patient education | High comorbidity burden (9+ diagnoses) - consider multidisciplinary review | High risk and discharged home - arrange follow-up call within 48-72 hours,Review before discharge; follow-up visit within 7 days; case-manager call,1
277879686,88227540,Digestive,45,Female,0.769,HIGH,5,2+ inpatient stays in the past year - enrol in care-coordination programme | 2+ emergency visits in the past year - review outpatient access and follow-up plan | Diabetes medication dose changed this admission - medication reconciliation and patient education | High comorbidity burden (9+ diagnoses) - consider multidisciplinary review | Prolonged stay (8+ days) - confirm clinical stability before discharge,Review before discharge; follow-up visit within 7 days; case-manager call,1
243835206,90489195,Circulatory,35,Female,0.766,HIGH,5,2+ inpatient stays in the past year - enrol in care-coordination programme | 2+ emergency visits in the past year - review outpatient access and follow-up plan | Diabetes medication dose changed this admission - medication reconciliation and patient education | High comorbidity burden (9+ diagnoses) - consider multidisciplinary review | High risk and discharged home - arrange follow-up call within 48-72 hours,Review before discharge; follow-up visit within 7 days; case-manager call,0
178379748,88227540,Other,45,Female,0.766,HIGH,6,2+ inpatient stays in the past year - enrol in care-coordination programme | 2+ emergency visits in the past year - review outpatient access and follow-up plan | Diabetes medication dose changed this admission - medication reconciliation and patient education | High comorbidity burden (9+ diagnoses) - consider multidisciplinary review | Prolonged stay (8+ days) - confirm clinical stability before discharge | High risk and discharged home - arrange follow-up call within 48-72 hours,Review before discharge; follow-up visit within 7 days; case-manager call,0
303724010,110665377,Diabetes,35,Female,0.764,HIGH,4,2+ inpatient stays in the past year - enrol in care-coordination programme | 2+ emergency visits in the past year - review outpatient access and follow-up plan | High comorbidity burden (9+ diagnoses) - consider multidisciplinary review | High risk and discharged home - arrange follow-up call within 48-72 hours,Review before discharge; follow-up visit within 7 days; case-manager call,1
82646910,3401055,Digestive,45,Female,0.764,HIGH,1,2+ inpatient stays in the past year - enrol in care-coordination programme,Review before discharge; follow-up visit within 7 days; case-manager call,0
377878478,88844373,Diabetes,35,Female,0.764,HIGH,4,2+ inpatient stays in the past year - enrol in care-coordination programme | 2+ emergency visits in the past year - review outpatient access and follow-up plan | Diabetes medication dose changed this admission - medication reconciliation and patient education | High comorbidity burden (9+ diagnoses) - consider multidisciplinary review,Review before discharge; follow-up visit within 7 days; case-manager call,0
112911606,23199021,Digestive,55,Male,0.764,HIGH,3,2+ inpatient stays in the past year - enrol in care-coordination programme | 2+ emergency visits in the past year - review outpatient access and follow-up plan | High risk and discharged home - arrange follow-up call within 48-72 hours,Review before discharge; follow-up visit within 7 days; case-manager call,0
216417426,90489195,Diabetes,35,Female,0.763,HIGH,6,2+ inpatient stays in the past year - enrol in care-coordination programme | 2+ emergency visits in the past year - review outpatient access and follow-up plan | Diabetes medication dose changed this admission - medication reconciliation and patient education | High comorbidity burden (9+ diagnoses) - consider multidisciplinary review | Prolonged stay (8+ days) - confirm clinical stability before discharge | High risk and discharged home - arrange follow-up call within 48-72 hours,Review before discharge; follow-up visit within 7 days; case-manager call,1
230986482,88785891,Diabetes,25,Female,0.762,HIGH,4,2+ inpatient stays in the past year - enrol in care-coordination programme | 2+ emergency visits in the past year - review outpatient access and follow-up plan | Diabetes medication dose changed this admission - medication reconciliation and patient education | High risk and discharged home - arrange follow-up call within 48-72 hours,Review before discharge; follow-up visit within 7 days; case-manager call,1
115687554,23199021,Digestive,55,Male,0.762,HIGH,7,2+ inpatient stays in the past year - enrol in care-coordination programme | 2+ emergency visits in the past year - review outpatient access and follow-up plan | Diabetes medication dose changed this admission - medication reconciliation and patient education | High comorbidity burden (9+ diagnoses) - consider multidisciplinary review | Prolonged stay (8+ days) - confirm clinical stability before discharge | Polypharmacy (25+ medications) - pharmacist review | High risk and discharged home - arrange follow-up call within 48-72 hours,Review before discharge; follow-up visit within 7 days; case-manager call,0
429644090,88681950,Respiratory,55,Female,0.761,HIGH,5,2+ inpatient stays in the past year - enrol in care-coordination programme | 2+ emergency visits in the past year - review outpatient access and follow-up plan | High comorbidity burden (9+ diagnoses) - consider multidisciplinary review | Polypharmacy (25+ medications) - pharmacist review | High risk and discharged home - arrange follow-up call within 48-72 hours,Review before discharge; follow-up visit within 7 days; case-manager call,0
154480650,58356459,Other,65,Male,0.761,HIGH,5,2+ inpatient stays in the past year - enrol in care-coordination programme | 2+ emergency visits in the past year - review outpatient access and follow-up plan | High comorbidity burden (9+ diagnoses) - consider multidisciplinary review | Prolonged stay (8+ days) - confirm clinical stability before discharge | High risk and discharged home - arrange follow-up call within 48-72 hours,Review before discharge; follow-up visit within 7 days; case-manager call,0
239153370,88785891,Diabetes,25,Female,0.758,HIGH,5,2+ inpatient stays in the past year - enrol in care-coordination programme | 2+ emergency visits in the past year - review outpatient access and follow-up plan | Diabetes medication dose changed this admission - medication reconciliation and patient education | High comorbidity burden (9+ diagnoses) - consider multidisciplinary review | High risk and discharged home - arrange follow-up call within 48-72 hours,Review before discharge; follow-up visit within 7 days; case-manager call,1
391453868,88681950,Respiratory,55,Female,0.757,HIGH,5,2+ inpatient stays in the past year - enrol in care-coordination programme | 2+ emergency visits in the past year - review outpatient access and follow-up plan | High comorbidity burden (9+ diagnoses) - consider multidisciplinary review | Polypharmacy (25+ medications) - pharmacist review | High risk and discharged home - arrange follow-up call within 48-72 hours,Review before discharge; follow-up visit within 7 days; case-manager call,0
124907238,23199021,Digestive,55,Male,0.753,HIGH,3,2+ inpatient stays in the past year - enrol in care-coordination programme | High comorbidity burden (9+ diagnoses) - consider multidisciplinary review | High risk and discharged home - arrange follow-up call within 48-72 hours,Review before discharge; follow-up visit within 7 days; case-manager call,0
265036230,88227540,Other,45,Female,0.753,HIGH,3,2+ inpatient stays in the past year - enrol in care-coordination programme | 2+ emergency visits in the past year - review outpatient access and follow-up plan | High comorbidity burden (9+ diagnoses) - consider multidisciplinary review,Review before discharge; follow-up visit within 7 days; case-manager call,1
117148596,114644241,Circulatory,85,Male,0.752,HIGH,3,2+ inpatient stays in the past year - enrol in care-coordination programme | 2+ emergency visits in the past year - review outpatient access and follow-up plan | High comorbidity burden (9+ diagnoses) - consider multidisciplinary review,Review before discharge; follow-up visit within 7 days; case-manager call,1
409616390,90050157,Other,55,Female,0.752,HIGH,5,2+ inpatient stays in the past year - enrol in care-coordination programme | 2+ emergency visits in the past year - review outpatient access and follow-up plan | Diabetes medication dose changed this admission - medication reconciliation and patient education | High comorbidity burden (9+ diagnoses) - consider multidisciplinary review | Polypharmacy (25+ medications) - pharmacist review,Review before discharge; follow-up visit within 7 days; case-manager call,0
422551808,88681950,Circulatory,55,Female,0.752,HIGH,3,2+ inpatient stays in the past year - enrol in care-coordination programme | 2+ emergency visits in the past year - review outpatient access and follow-up plan | High risk and discharged home - arrange follow-up call within 48-72 hours,Review before discharge; follow-up visit within 7 days; case-manager call,1
280861080,88681950,Circulatory,55,Female,0.751,HIGH,3,2+ inpatient stays in the past year - enrol in care-coordination programme | 2+ emergency visits in the past year - review outpatient access and follow-up plan | High comorbidity burden (9+ diagnoses) - consider multidisciplinary review,Review before discharge; follow-up visit within 7 days; case-manager call,1
60568416,1660293,Diabetes,65,Female,0.75,HIGH,4,2+ inpatient stays in the past year - enrol in care-coordination programme | High comorbidity burden (9+ diagnoses) - consider multidisciplinary review | Prolonged stay (8+ days) - confirm clinical stability before discharge | Polypharmacy (25+ medications) - pharmacist review,Review before discharge; follow-up visit within 7 days; case-manager call,0
175632402,88785891,Diabetes,25,Female,0.75,HIGH,5,2+ inpatient stays in the past year - enrol in care-coordination programme | 2+ emergency visits in the past year - review outpatient access and follow-up plan | Diabetes medication dose changed this admission - medication reconciliation and patient education | High comorbidity burden (9+ diagnoses) - consider multidisciplinary review | High risk and discharged home - arrange follow-up call within 48-72 hours,Review before discharge; follow-up visit within 7 days; case-manager call,0
192803478,88227540,Other,45,Female,0.748,HIGH,6,2+ inpatient stays in the past year - enrol in care-coordination programme | 2+ emergency visits in the past year - review outpatient access and follow-up plan | Diabetes medication dose changed this admission - medication reconciliation and patient education | High comorbidity burden (9+ diagnoses) - consider multidisciplinary review | Prolonged stay (8+ days) - confirm clinical stability before discharge | High risk and discharged home - arrange follow-up call within 48-72 hours,Review before discharge; follow-up visit within 7 days; case-manager call,0
242844252,88785891,Diabetes,25,Female,0.747,HIGH,5,"2+ inpatient stays in the past year - enrol in care-coordination programme | 2+ emergency visits in the past year - review outpatient access and follow-up plan | HbA1c above 8% - poor glycaemic control, consider treatment review / endocrine follow-up | Diabetes medication dose changed this admission - medication reconciliation and patient education | High risk and discharged home - arrange follow-up call within 48-72 hours",Review before discharge; follow-up visit within 7 days; case-manager call,1
59642940,16156494,Diabetes,35,Male,0.747,HIGH,1,2+ inpatient stays in the past year - enrol in care-coordination programme,Review before discharge; follow-up visit within 7 days; case-manager call,0
76971120,97087860,Diabetes,35,Male,0.746,HIGH,3,2+ inpatient stays in the past year - enrol in care-coordination programme | Diabetes medication dose changed this admission - medication reconciliation and patient education | High risk and discharged home - arrange follow-up call within 48-72 hours,Review before discharge; follow-up visit within 7 days; case-manager call,0
153558456,88785891,Diabetes,25,Female,0.746,HIGH,3,2+ inpatient stays in the past year - enrol in care-coordination programme | Diabetes medication dose changed this admission - medication reconciliation and patient education | High risk and discharged home - arrange follow-up call within 48-72 hours,Review before discharge; follow-up visit within 7 days; case-manager call,1
67508808,3401055,Other,45,Female,0.745,HIGH,2,2+ inpatient stays in the past year - enrol in care-coordination programme | High comorbidity burden (9+ diagnoses) - consider multidisciplinary review,Review before discharge; follow-up visit within 7 days; case-manager call,1
297767480,90050157,Genitourinary,55,Female,0.745,HIGH,5,2+ inpatient stays in the past year - enrol in care-coordination programme | 2+ emergency visits in the past year - review outpatient access and follow-up plan | Diabetes medication dose changed this admission - medication reconciliation and patient education | High comorbidity burden (9+ diagnoses) - consider multidisciplinary review | High risk and discharged home - arrange follow-up call within 48-72 hours,Review before discharge; follow-up visit within 7 days; case-manager call,0
66335790,16156494,Diabetes,35,Male,0.744,HIGH,1,2+ inpatient stays in the past year - enrol in care-coordination programme,Review before discharge; follow-up visit within 7 days; case-manager call,0
210079272,88785891,Diabetes,25,Female,0.744,HIGH,3,2+ inpatient stays in the past year - enrol in care-coordination programme | 2+ emergency visits in the past year - review outpatient access and follow-up plan | Diabetes medication dose changed this admission - medication reconciliation and patient education,Review before discharge; follow-up visit within 7 days; case-manager call,0
49801092,16156494,Diabetes,35,Male,0.743,HIGH,2,2+ inpatient stays in the past year - enrol in care-coordination programme | Diabetes medication dose changed this admission - medication reconciliation and patient education,Review before discharge; follow-up visit within 7 days; case-manager call,0
158500410,88785891,Diabetes,25,Female,0.743,HIGH,3,2+ inpatient stays in the past year - enrol in care-coordination programme | Diabetes medication dose changed this admission - medication reconciliation and patient education | High risk and discharged home - arrange follow-up call within 48-72 hours,Review before discharge; follow-up visit within 7 days; case-manager call,0
362628476,89308323,Other,75,Female,0.742,HIGH,3,2+ inpatient stays in the past year - enrol in care-coordination programme | 2+ emergency visits in the past year - review outpatient access and follow-up plan | High comorbidity burden (9+ diagnoses) - consider multidisciplinary review,Review before discharge; follow-up visit within 7 days; case-manager call,0
104421414,23199021,Digestive,55,Male,0.742,HIGH,3,2+ inpatient stays in the past year - enrol in care-coordination programme | 2+ emergency visits in the past year - review outpatient access and follow-up plan | High risk and discharged home - arrange follow-up call within 48-72 hours,Review before discharge; follow-up visit within 7 days; case-manager call,0
118089798,23199021,Digestive,55,Male,0.741,HIGH,4,2+ inpatient stays in the past year - enrol in care-coordination programme | 2+ emergency visits in the past year - review outpatient access and follow-up plan | High comorbidity burden (9+ diagnoses) - consider multidisciplinary review | High risk and discharged home - arrange follow-up call within 48-72 hours,Review before discharge; follow-up visit within 7 days; case-manager call,0
274542942,88227540,Digestive,45,Female,0.74,HIGH,3,2+ inpatient stays in the past year - enrol in care-coordination programme | 2+ emergency visits in the past year - review outpatient access and follow-up plan | High risk and discharged home - arrange follow-up call within 48-72 hours,Review before discharge; follow-up visit within 7 days; case-manager call,1
154527444,88785891,Diabetes,25,Female,0.74,HIGH,3,2+ inpatient stays in the past year - enrol in care-coordination programme | Diabetes medication dose changed this admission - medication reconciliation and patient education | High risk and discharged home - arrange follow-up call within 48-72 hours,Review before discharge; follow-up visit within 7 days; case-manager call,0
77448414,3401055,Circulatory,45,Female,0.74,HIGH,2,2+ inpatient stays in the past year - enrol in care-coordination programme | High comorbidity burden (9+ diagnoses) - consider multidisciplinary review,Review before discharge; follow-up visit within 7 days; case-manager call,1
112449954,23199021,Digestive,55,Male,0.74,HIGH,4,2+ inpatient stays in the past year - enrol in care-coordination programme | 2+ emergency visits in the past year - review outpatient access and follow-up plan | High comorbidity burden (9+ diagnoses) - consider multidisciplinary review | High risk and discharged home - arrange follow-up call within 48-72 hours,Review before discharge; follow-up visit within 7 days; case-manager call,1
276515076,88844373,Diabetes,35,Female,0.739,HIGH,5,2+ inpatient stays in the past year - enrol in care-coordination programme | 2+ emergency visits in the past year - review outpatient access and follow-up plan | Diabetes medication dose changed this admission - medication reconciliation and patient education | High comorbidity burden (9+ diagnoses) - consider multidisciplinary review | High risk and discharged home - arrange follow-up call within 48-72 hours,Review before discharge; follow-up visit within 7 days; case-manager call,0
210646842,68670450,Digestive,55,Male,0.737,HIGH,3,2+ inpatient stays in the past year - enrol in care-coordination programme | High comorbidity burden (9+ diagnoses) - consider multidisciplinary review | High risk and discharged home - arrange follow-up call within 48-72 hours,Review before discharge; follow-up visit within 7 days; case-manager call,0
109026222,80705277,Other,65,Male,0.736,HIGH,1,2+ inpatient stays in the past year - enrol in care-coordination programme,Review before discharge; follow-up visit within 7 days; case-manager call,0
164979864,23199021,Digestive,55,Male,0.736,HIGH,4,2+ inpatient stays in the past year - enrol in care-coordination programme | 2+ emergency visits in the past year - review outpatient access and follow-up plan | High comorbidity burden (9+ diagnoses) - consider multidisciplinary review | High risk and discharged home - arrange follow-up call within 48-72 hours,Review before discharge; follow-up visit within 7 days; case-manager call,0
152543322,94125492,Genitourinary,55,Female,0.736,HIGH,3,2+ inpatient stays in the past year - enrol in care-coordination programme | High comorbidity burden (9+ diagnoses) - consider multidisciplinary review | High risk and discharged home - arrange follow-up call within 48-72 hours,Review before discharge; follow-up visit within 7 days; case-manager call,1
163194630,23199021,Digestive,55,Male,0.735,HIGH,5,2+ inpatient stays in the past year - enrol in care-coordination programme | 2+ emergency visits in the past year - review outpatient access and follow-up plan | Diabetes medication dose changed this admission - medication reconciliation and patient education | High comorbidity burden (9+ diagnoses) - consider multidisciplinary review | High risk and discharged home - arrange follow-up call within 48-72 hours,Review before discharge; follow-up visit within 7 days; case-manager call,1
137837214,21749562,Diabetes,25,Female,0.735,HIGH,5,2+ inpatient stays in the past year - enrol in care-coordination programme | 2+ emergency visits in the past year - review outpatient access and follow-up plan | Diabetes medication dose changed this admission - medication reconciliation and patient education | High comorbidity burden (9+ diagnoses) - consider multidisciplinary review | High risk and discharged home - arrange follow-up call within 48-72 hours,Review before discharge; follow-up visit within 7 days; case-manager call,0
140432016,23199021,Digestive,55,Male,0.734,HIGH,3,2+ inpatient stays in the past year - enrol in care-coordination programme | 2+ emergency visits in the past year - review outpatient access and follow-up plan | High risk and discharged home - arrange follow-up call within 48-72 hours,Review before discharge; follow-up visit within 7 days; case-manager call,1
39194028,730935,Diabetes,55,Male,0.733,HIGH,3,2+ inpatient stays in the past year - enrol in care-coordination programme | High comorbidity burden (9+ diagnoses) - consider multidisciplinary review | High risk and discharged home - arrange follow-up call within 48-72 hours,Review before discharge; follow-up visit within 7 days; case-manager call,0
388509176,88785891,Other,25,Female,0.733,HIGH,5,2+ inpatient stays in the past year - enrol in care-coordination programme | 2+ emergency visits in the past year - review outpatient access and follow-up plan | Diabetes medication dose changed this admission - medication reconciliation and patient education | High comorbidity burden (9+ diagnoses) - consider multidisciplinary review | High risk and discharged home - arrange follow-up call within 48-72 hours,Review before discharge; follow-up visit within 7 days; case-manager call,1
316036970,88681950,Circulatory,55,Female,0.732,HIGH,4,2+ inpatient stays in the past year - enrol in care-coordination programme | 2+ emergency visits in the past year - review outpatient access and follow-up plan | High comorbidity burden (9+ diagnoses) - consider multidisciplinary review | High risk and discharged home - arrange follow-up call within 48-72 hours,Review before discharge; follow-up visit within 7 days; case-manager call,1
241426656,88785891,Diabetes,25,Female,0.732,HIGH,4,2+ inpatient stays in the past year - enrol in care-coordination programme | 2+ emergency visits in the past year - review outpatient access and follow-up plan | Diabetes medication dose changed this admission - medication reconciliation and patient education | High risk and discharged home - arrange follow-up call within 48-72 hours,Review before discharge; follow-up visit within 7 days; case-manager call,1
221588430,88785891,Diabetes,25,Female,0.731,HIGH,4,2+ inpatient stays in the past year - enrol in care-coordination programme | 2+ emergency visits in the past year - review outpatient access and follow-up plan | Diabetes medication dose changed this admission - medication reconciliation and patient education | High risk and discharged home - arrange follow-up call within 48-72 hours,Review before discharge; follow-up visit within 7 days; case-manager call,1
284240562,44934390,Diabetes,45,Female,0.731,HIGH,6,2+ inpatient stays in the past year - enrol in care-coordination programme | 2+ emergency visits in the past year - review outpatient access and follow-up plan | Diabetes medication dose changed this admission - medication reconciliation and patient education | High comorbidity burden (9+ diagnoses) - consider multidisciplinary review | Polypharmacy (25+ medications) - pharmacist review | High risk and discharged home - arrange follow-up call within 48-72 hours,Review before discharge; follow-up visit within 7 days; case-manager call,0
173690160,23199021,Digestive,55,Male,0.731,HIGH,3,2+ inpatient stays in the past year - enrol in care-coordination programme | 2+ emergency visits in the past year - review outpatient access and follow-up plan | High risk and discharged home - arrange follow-up call within 48-72 hours,Review before discharge; follow-up visit within 7 days; case-manager call,0
154903602,82203444,Other,45,Female,0.731,HIGH,2,2+ inpatient stays in the past year - enrol in care-coordination programme | 2+ emergency visits in the past year - review outpatient access and follow-up plan,Review before discharge; follow-up visit within 7 days; case-manager call,1
288027294,90050157,Circulatory,55,Female,0.73,HIGH,6,2+ inpatient stays in the past year - enrol in care-coordination programme | 2+ emergency visits in the past year - review outpatient access and follow-up plan | Diabetes medication dose changed this admission - medication reconciliation and patient education | High comorbidity burden (9+ diagnoses) - consider multidisciplinary review | Polypharmacy (25+ medications) - pharmacist review | High risk and discharged home - arrange follow-up call within 48-72 hours,Review before discharge; follow-up visit within 7 days; case-manager call,0
81385980,3401055,Digestive,45,Female,0.73,HIGH,2,2+ inpatient stays in the past year - enrol in care-coordination programme | Prolonged stay (8+ days) - confirm clinical stability before discharge,Review before discharge; follow-up visit within 7 days; case-manager call,1
93499014,86171238,Circulatory,65,Female,0.73,HIGH,5,2+ inpatient stays in the past year - enrol in care-coordination programme | 2+ emergency visits in the past year - review outpatient access and follow-up plan | High comorbidity burden (9+ diagnoses) - consider multidisciplinary review | Polypharmacy (25+ medications) - pharmacist review | High risk and discharged home - arrange follow-up call within 48-72 hours,Review before discharge; follow-up visit within 7 days; case-manager call,1
266452608,91776843,Circulatory,55,Male,0.73,HIGH,3,2+ inpatient stays in the past year - enrol in care-coordination programme | High comorbidity burden (9+ diagnoses) - consider multidisciplinary review | High risk and discharged home - arrange follow-up call within 48-72 hours,Review before discharge; follow-up visit within 7 days; case-manager call,0
196797060,97391007,Diabetes,45,Female,0.729,HIGH,1,2+ inpatient stays in the past year - enrol in care-coordination programme,Review before discharge; follow-up visit within 7 days; case-manager call,0
416064368,97856856,Circulatory,75,Male,0.728,HIGH,5,2+ inpatient stays in the past year - enrol in care-coordination programme | 2+ emergency visits in the past year - review outpatient access and follow-up plan | Diabetes medication dose changed this admission - medication reconciliation and patient education | High comorbidity burden (9+ diagnoses) - consider multidisciplinary review | Prolonged stay (8+ days) - confirm clinical stability before discharge,Review before discharge; follow-up visit within 7 days; case-manager call,0
268549890,94478211,Other,55,Male,0.728,HIGH,5,2+ inpatient stays in the past year - enrol in care-coordination programme | 2+ emergency visits in the past year - review outpatient access and follow-up plan | High comorbidity burden (9+ diagnoses) - consider multidisciplinary review | Prolonged stay (8+ days) - confirm clinical stability before discharge | High risk and discharged home - arrange follow-up call within 48-72 hours,Review before discharge; follow-up visit within 7 days; case-manager call,0
163306140,23571540,Respiratory,55,Female,0.728,HIGH,7,2+ inpatient stays in the past year - enrol in care-coordination programme | 2+ emergency visits in the past year - review outpatient access and follow-up plan | Diabetes medication dose changed this admission - medication reconciliation and patient education | High comorbidity burden (9+ diagnoses) - consider multidisciplinary review | Prolonged stay (8+ days) - confirm clinical stability before discharge | Polypharmacy (25+ medications) - pharmacist review | High risk and discharged home - arrange follow-up call within 48-72 hours,Review before discharge; follow-up visit within 7 days; case-manager call,0
186074238,88227540,Digestive,45,Female,0.728,HIGH,5,2+ inpatient stays in the past year - enrol in care-coordination programme | 2+ emergency visits in the past year - review outpatient access and follow-up plan | Diabetes medication dose changed this admission - medication reconciliation and patient education | High comorbidity burden (9+ diagnoses) - consider multidisciplinary review | High risk and discharged home - arrange follow-up call within 48-72 hours,Review before discharge; follow-up visit within 7 days; case-manager call,0
141994242,88785891,Diabetes,25,Female,0.727,HIGH,4,2+ inpatient stays in the past year - enrol in care-coordination programme | Diabetes medication dose changed this admission - medication reconciliation and patient education | High comorbidity burden (9+ diagnoses) - consider multidisciplinary review | High risk and discharged home - arrange follow-up call within 48-72 hours,Review before discharge; follow-up visit within 7 days; case-manager call,1
245057754,91776843,Diabetes,55,Male,0.727,HIGH,5,2+ inpatient stays in the past year - enrol in care-coordination programme | 2+ emergency visits in the past year - review outpatient access and follow-up plan | High comorbidity burden (9+ diagnoses) - consider multidisciplinary review | Prolonged stay (8+ days) - confirm clinical stability before discharge | Polypharmacy (25+ medications) - pharmacist review,Review before discharge; follow-up visit within 7 days; case-manager call,0
118433520,23190084,Digestive,45,Female,0.727,HIGH,5,2+ inpatient stays in the past year - enrol in care-coordination programme | 2+ emergency visits in the past year - review outpatient access and follow-up plan | Diabetes medication dose changed this admission - medication reconciliation and patient education | High comorbidity burden (9+ diagnoses) - consider multidisciplinary review | High risk and discharged home - arrange follow-up call within 48-72 hours,Review before discharge; follow-up visit within 7 days; case-manager call,1
166062648,103305528,Circulatory,55,Male,0.727,HIGH,3,2+ inpatient stays in the past year - enrol in care-coordination programme | High comorbidity burden (9+ diagnoses) - consider multidisciplinary review | Polypharmacy (25+ medications) - pharmacist review,Review before discharge; follow-up visit within 7 days; case-manager call,0
109761102,23240871,Diabetes,65,Female,0.726,HIGH,4,2+ inpatient stays in the past year - enrol in care-coordination programme | 2+ emergency visits in the past year - review outpatient access and follow-up plan | High comorbidity burden (9+ diagnoses) - consider multidisciplinary review | Prolonged stay (8+ days) - confirm clinical stability before discharge,Review before discharge; follow-up visit within 7 days; case-manager call,0
350810330,88681950,Circulatory,55,Female,0.726,HIGH,3,2+ inpatient stays in the past year - enrol in care-coordination programme | 2+ emergency visits in the past year - review outpatient access and follow-up plan | High comorbidity burden (9+ diagnoses) - consider multidisciplinary review,Review before discharge; follow-up visit within 7 days; case-manager call,1
148894776,23199021,Digestive,55,Male,0.726,HIGH,3,2+ inpatient stays in the past year - enrol in care-coordination programme | 2+ emergency visits in the past year - review outpatient access and follow-up plan | High risk and discharged home - arrange follow-up call within 48-72 hours,Review before discharge; follow-up visit within 7 days; case-manager call,0
71430588,16156494,Diabetes,35,Male,0.726,HIGH,2,2+ inpatient stays in the past year - enrol in care-coordination programme | High risk and discharged home - arrange follow-up call within 48-72 hours,Review before discharge; follow-up visit within 7 days; case-manager call,1
120699684,23199021,Digestive,55,Male,0.726,HIGH,2,2+ inpatient stays in the past year - enrol in care-coordination programme | High risk and discharged home - arrange follow-up call within 48-72 hours,Review before discharge; follow-up visit within 7 days; case-manager call,1
82133298,3401055,Circulatory,45,Female,0.726,HIGH,2,2+ inpatient stays in the past year - enrol in care-coordination programme | High comorbidity burden (9+ diagnoses) - consider multidisciplinary review,Review before discharge; follow-up visit within 7 days; case-manager call,1
63275892,1660293,Digestive,65,Female,0.725,HIGH,5,2+ inpatient stays in the past year - enrol in care-coordination programme | Diabetes medication dose changed this admission - medication reconciliation and patient education | High comorbidity burden (9+ diagnoses) - consider multidisciplinary review | Prolonged stay (8+ days) - confirm clinical stability before discharge | Polypharmacy (25+ medications) - pharmacist review,Review before discharge; follow-up visit within 7 days; case-manager call,0
157363182,88785891,Diabetes,25,Female,0.725,HIGH,3,2+ inpatient stays in the past year - enrol in care-coordination programme | Diabetes medication dose changed this admission - medication reconciliation and patient education | High risk and discharged home - arrange follow-up call within 48-72 hours,Review before discharge; follow-up visit within 7 days; case-manager call,1
143247174,23199021,Digestive,55,Male,0.725,HIGH,3,2+ inpatient stays in the past year - enrol in care-coordination programme | 2+ emergency visits in the past year - review outpatient access and follow-up plan | High risk and discharged home - arrange follow-up call within 48-72 hours,Review before discharge; follow-up visit within 7 days; case-manager call,0
102250848,86171238,Other,65,Female,0.724,HIGH,3,2+ inpatient stays in the past year - enrol in care-coordination programme | High comorbidity burden (9+ diagnoses) - consider multidisciplinary review | High risk and discharged home - arrange follow-up call within 48-72 hours,Review before discharge; follow-up visit within 7 days; case-manager call,0
100820274,98302518,Other,75,Male,0.723,HIGH,2,2+ inpatient stays in the past year - enrol in care-coordination programme | High risk and discharged home - arrange follow-up call within 48-72 hours,Review before discharge; follow-up visit within 7 days; case-manager call,0
168920160,88785891,Diabetes,25,Female,0.723,HIGH,6,2+ inpatient stays in the past year - enrol in care-coordination programme | 2+ emergency visits in the past year - review outpatient access and follow-up plan | Diabetes medication dose changed this admission - medication reconciliation and patient education | High comorbidity burden (9+ diagnoses) - consider multidisciplinary review | Prolonged stay (8+ days) - confirm clinical stability before discharge | High risk and discharged home - arrange follow-up call within 48-72 hours,Review before discharge; follow-up visit within 7 days; case-manager call,0
79626012,87964578,Respiratory,65,Female,0.723,HIGH,5,2+ inpatient stays in the past year - enrol in care-coordination programme | 2+ emergency visits in the past year - review outpatient access and follow-up plan | Diabetes medication dose changed this admission - medication reconciliation and patient education | High comorbidity burden (9+ diagnoses) - consider multidisciplinary review | Prolonged stay (8+ days) - confirm clinical stability before discharge,Review before discharge; follow-up visit within 7 days; case-manager call,0
83790342,1660293,Diabetes,75,Female,0.723,HIGH,4,2+ inpatient stays in the past year - enrol in care-coordination programme | High comorbidity burden (9+ diagnoses) - consider multidisciplinary review | Prolonged stay (8+ days) - confirm clinical stability before discharge | High risk and discharged home - arrange follow-up call within 48-72 hours,Review before discharge; follow-up visit within 7 days; case-manager call,1
342542546,110665377,Other,35,Female,0.722,HIGH,4,2+ inpatient stays in the past year - enrol in care-coordination programme | 2+ emergency visits in the past year - review outpatient access and follow-up plan | High comorbidity burden (9+ diagnoses) - consider multidisciplinary review | High risk and discharged home - arrange follow-up call within 48-72 hours,Review before discharge; follow-up visit within 7 days; case-manager call,1
281575668,85232619,Respiratory,55,Female,0.722,HIGH,4,2+ inpatient stays in the past year - enrol in care-coordination programme | Diabetes medication dose changed this admission - medication reconciliation and patient education | High comorbidity burden (9+ diagnoses) - consider multidisciplinary review | Polypharmacy (25+ medications) - pharmacist review,Review before discharge; follow-up visit within 7 days; case-manager call,0
135437340,23199021,Digestive,55,Male,0.722,HIGH,2,2+ inpatient stays in the past year - enrol in care-coordination programme | High risk and discharged home - arrange follow-up call within 48-72 hours,Review before discharge; follow-up visit within 7 days; case-manager call,0
80082870,1660293,Other,65,Female,0.722,HIGH,3,2+ inpatient stays in the past year - enrol in care-coordination programme | High comorbidity burden (9+ diagnoses) - consider multidisciplinary review | High risk and discharged home - arrange follow-up call within 48-72 hours,Review before discharge; follow-up visit within 7 days; case-manager call,1
77280264,77146614,Other,75,Female,0.721,HIGH,5,2+ inpatient stays in the past year - enrol in care-coordination programme | 2+ emergency visits in the past year - review outpatient access and follow-up plan | Diabetes medication dose changed this admission - medication reconciliation and patient education | High comorbidity burden (9+ diagnoses) - consider multidisciplinary review | High risk and discharged home - arrange follow-up call within 48-72 hours,Review before discharge; follow-up visit within 7 days; case-manager call,0
261596778,88227540,Diabetes,45,Female,0.721,HIGH,4,2+ inpatient stays in the past year - enrol in care-coordination programme | 2+ emergency visits in the past year - review outpatient access and follow-up plan | High comorbidity burden (9+ diagnoses) - consider multidisciplinary review | Prolonged stay (8+ days) - confirm clinical stability before discharge,Review before discharge; follow-up visit within 7 days; case-manager call,1
85616136,1660293,Digestive,75,Female,0.721,HIGH,4,2+ inpatient stays in the past year - enrol in care-coordination programme | Diabetes medication dose changed this admission - medication reconciliation and patient education | High comorbidity burden (9+ diagnoses) - consider multidisciplinary review | High risk and discharged home - arrange follow-up call within 48-72 hours,Review before discharge; follow-up visit within 7 days; case-manager call,0
114379908,4525299,Other,55,Male,0.721,HIGH,4,2+ inpatient stays in the past year - enrol in care-coordination programme | Diabetes medication dose changed this admission - medication reconciliation and patient education | High comorbidity burden (9+ diagnoses) - consider multidisciplinary review | Polypharmacy (25+ medications) - pharmacist review,Review before discharge; follow-up visit within 7 days; case-manager call,1
69819834,3401055,Digestive,45,Female,0.72,HIGH,1,2+ inpatient stays in the past year - enrol in care-coordination programme,Review before discharge; follow-up visit within 7 days; case-manager call,0
274553838,88681950,Circulatory,55,Female,0.72,HIGH,4,2+ inpatient stays in the past year - enrol in care-coordination programme | 2+ emergency visits in the past year - review outpatient access and follow-up plan | High comorbidity burden (9+ diagnoses) - consider multidisciplinary review | Polypharmacy (25+ medications) - pharmacist review,Review before discharge; follow-up visit within 7 days; case-manager call,1
340153838,85916097,Respiratory,55,Male,0.719,HIGH,1,2+ inpatient stays in the past year - enrol in care-coordination programme,Review before discharge; follow-up visit within 7 days; case-manager call,0
436736222,88681950,Circulatory,55,Female,0.719,HIGH,4,2+ inpatient stays in the past year - enrol in care-coordination programme | 2+ emergency visits in the past year - review outpatient access and follow-up plan | High comorbidity burden (9+ diagnoses) - consider multidisciplinary review | Polypharmacy (25+ medications) - pharmacist review,Review before discharge; follow-up visit within 7 days; case-manager call,0
119384226,23190084,Other,45,Female,0.719,HIGH,3,2+ inpatient stays in the past year - enrol in care-coordination programme | 2+ emergency visits in the past year - review outpatient access and follow-up plan | High risk and discharged home - arrange follow-up call within 48-72 hours,Review before discharge; follow-up visit within 7 days; case-manager call,0
166117944,91161297,Digestive,85,Male,0.719,HIGH,5,2+ inpatient stays in the past year - enrol in care-coordination programme | Diabetes medication dose changed this admission - medication reconciliation and patient education | High comorbidity burden (9+ diagnoses) - consider multidisciplinary review | Prolonged stay (8+ days) - confirm clinical stability before discharge | High risk and discharged home - arrange follow-up call within 48-72 hours,Review before discharge; follow-up visit within 7 days; case-manager call,0
191345028,88785891,Diabetes,25,Female,0.718,HIGH,5,"2+ inpatient stays in the past year - enrol in care-coordination programme | 2+ emergency visits in the past year - review outpatient access and follow-up plan | HbA1c above 8% - poor glycaemic control, consider treatment review / endocrine follow-up | Diabetes medication dose changed this admission - medication reconciliation and patient education | High risk and discharged home - arrange follow-up call within 48-72 hours",Review before discharge; follow-up visit within 7 days; case-manager call,0
185684850,84345561,Circulatory,75,Female,0.718,HIGH,2,2+ inpatient stays in the past year - enrol in care-coordination programme | High comorbidity burden (9+ diagnoses) - consider multidisciplinary review,Review before discharge; follow-up visit within 7 days; case-manager call,0
76948794,417618,Circulatory,75,Male,0.718,HIGH,2,2+ inpatient stays in the past year - enrol in care-coordination programme | High comorbidity burden (9+ diagnoses) - consider multidisciplinary review,Review before discharge; follow-up visit within 7 days; case-manager call,0
257027706,88227540,Diabetes,45,Female,0.717,HIGH,4,2+ inpatient stays in the past year - enrol in care-coordination programme | 2+ emergency visits in the past year - review outpatient access and follow-up plan | High comorbidity burden (9+ diagnoses) - consider multidisciplinary review | High risk and discharged home - arrange follow-up call within 48-72 hours,Review before discharge; follow-up visit within 7 days; case-manager call,1
204407604,97391007,Diabetes,45,Female,0.716,HIGH,2,2+ inpatient stays in the past year - enrol in care-coordination programme | High risk and discharged home - arrange follow-up call within 48-72 hours,Review before discharge; follow-up visit within 7 days; case-manager call,0
52130958,1660293,Other,65,Female,0.716,HIGH,3,2+ inpatient stays in the past year - enrol in care-coordination programme | High comorbidity burden (9+ diagnoses) - consider multidisciplinary review | High risk and discharged home - arrange follow-up call within 48-72 hours,Review before discharge; follow-up visit within 7 days; case-manager call,0
122466252,23199021,Digestive,55,Male,0.716,HIGH,3,2+ inpatient stays in the past year - enrol in care-coordination programme | High comorbidity burden (9+ diagnoses) - consider multidisciplinary review | High risk and discharged home - arrange follow-up call within 48-72 hours,Review before discharge; follow-up visit within 7 days; case-manager call,0
285778284,91776843,Circulatory,55,Male,0.716,HIGH,3,2+ inpatient stays in the past year - enrol in care-coordination programme | High comorbidity burden (9+ diagnoses) - consider multidisciplinary review | High risk and discharged home - arrange follow-up call within 48-72 hours,Review before discharge; follow-up visit within 7 days; case-manager call,0
80092440,3401055,Circulatory,45,Female,0.716,HIGH,2,2+ inpatient stays in the past year - enrol in care-coordination programme | Prolonged stay (8+ days) - confirm clinical stability before discharge,Review before discharge; follow-up visit within 7 days; case-manager call,1
131430840,21207951,Circulatory,65,Female,0.715,HIGH,3,2+ inpatient stays in the past year - enrol in care-coordination programme | 2+ emergency visits in the past year - review outpatient access and follow-up plan | High comorbidity burden (9+ diagnoses) - consider multidisciplinary review,Review before discharge; follow-up visit within 7 days; case-manager call,1
277229256,85232619,Other,55,Female,0.715,HIGH,3,2+ inpatient stays in the past year - enrol in care-coordination programme | Diabetes medication dose changed this admission - medication reconciliation and patient education | High comorbidity burden (9+ diagnoses) - consider multidisciplinary review,Review before discharge; follow-up visit within 7 days; case-manager call,1
199836402,91314108,Diabetes,55,Female,0.715,HIGH,5,2+ inpatient stays in the past year - enrol in care-coordination programme | 2+ emergency visits in the past year - review outpatient access and follow-up plan | Diabetes medication dose changed this admission - medication reconciliation and patient education | High comorbidity burden (9+ diagnoses) - consider multidisciplinary review | High risk and discharged home - arrange follow-up call within 48-72 hours,Review before discharge; follow-up visit within 7 days; case-manager call,0
117009138,24529536,Other,55,Male,0.715,HIGH,4,2+ inpatient stays in the past year - enrol in care-coordination programme | 2+ emergency visits in the past year - review outpatient access and follow-up plan | Diabetes medication dose changed this admission - medication reconciliation and patient education | High risk and discharged home - arrange follow-up call within 48-72 hours,Review before discharge; follow-up visit within 7 days; case-manager call,0
390241922,41369211,Other,65,Female,0.715,HIGH,4,2+ inpatient stays in the past year - enrol in care-coordination programme | Diabetes medication dose changed this admission - medication reconciliation and patient education | High comorbidity burden (9+ diagnoses) - consider multidisciplinary review | Polypharmacy (25+ medications) - pharmacist review,Review before discharge; follow-up visit within 7 days; case-manager call,0
84790116,1660293,Injury,75,Female,0.715,HIGH,5,2+ inpatient stays in the past year - enrol in care-coordination programme | Diabetes medication dose changed this admission - medication reconciliation and patient education | High comorbidity burden (9+ diagnoses) - consider multidisciplinary review | Prolonged stay (8+ days) - confirm clinical stability before discharge | High risk and discharged home - arrange follow-up call within 48-72 hours,Review before discharge; follow-up visit within 7 days; case-manager call,1
145213956,24401799,Circulatory,65,Male,0.714,HIGH,4,2+ inpatient stays in the past year - enrol in care-coordination programme | Prolonged stay (8+ days) - confirm clinical stability before discharge | Polypharmacy (25+ medications) - pharmacist review | High risk and discharged home - arrange follow-up call within 48-72 hours,Review before discharge; follow-up visit within 7 days; case-manager call,0
424959560,91776843,Musculoskeletal,55,Male,0.714,HIGH,3,2+ inpatient stays in the past year - enrol in care-coordination programme | High comorbidity burden (9+ diagnoses) - consider multidisciplinary review | High risk and discharged home - arrange follow-up call within 48-72 hours,Review before discharge; follow-up visit within 7 days; case-manager call,0
99330498,98302518,Other,75,Male,0.714,HIGH,2,2+ inpatient stays in the past year - enrol in care-coordination programme | High risk and discharged home - arrange follow-up call within 48-72 hours,Review before discharge; follow-up visit within 7 days; case-manager call,1
60557616,3401055,Digestive,45,Female,0.713,HIGH,1,2+ inpatient stays in the past year - enrol in care-coordination programme,Review before discharge; follow-up visit within 7 days; case-manager call,1
169941234,97391007,Digestive,45,Female,0.713,HIGH,1,2+ inpatient stays in the past year - enrol in care-coordination programme,Review before discharge; follow-up visit within 7 days; case-manager call,0
69324756,1660293,Injury,65,Female,0.713,HIGH,2,2+ inpatient stays in the past year - enrol in care-coordination programme | High comorbidity burden (9+ diagnoses) - consider multidisciplinary review,Review before discharge; follow-up visit within 7 days; case-manager call,0
162138936,23571540,Circulatory,55,Female,0.713,HIGH,4,2+ inpatient stays in the past year - enrol in care-coordination programme | 2+ emergency visits in the past year - review outpatient access and follow-up plan | Diabetes medication dose changed this admission - medication reconciliation and patient education | High risk and discharged home - arrange follow-up call within 48-72 hours,Review before discharge; follow-up visit within 7 days; case-manager call,1
50044206,4571757,Diabetes,45,Male,0.713,HIGH,4,2+ inpatient stays in the past year - enrol in care-coordination programme | Diabetes medication dose changed this admission - medication reconciliation and patient education | High comorbidity burden (9+ diagnoses) - consider multidisciplinary review | Polypharmacy (25+ medications) - pharmacist review,Review before discharge; follow-up visit within 7 days; case-manager call,0
155418300,23199021,Digestive,55,Male,0.712,HIGH,3,2+ inpatient stays in the past year - enrol in care-coordination programme | 2+ emergency visits in the past year - review outpatient access and follow-up plan | High risk and discharged home - arrange follow-up call within 48-72 hours,Review before discharge; follow-up visit within 7 days; case-manager call,0
59272632,1660293,Other,65,Female,0.712,HIGH,4,2+ inpatient stays in the past year - enrol in care-coordination programme | Diabetes medication dose changed this admission - medication reconciliation and patient education | High comorbidity burden (9+ diagnoses) - consider multidisciplinary review | High risk and discharged home - arrange follow-up call within 48-72 hours,Review before discharge; follow-up visit within 7 days; case-manager call,1
311413142,41329305,Digestive,65,Female,0.712,HIGH,2,2+ inpatient stays in the past year - enrol in care-coordination programme | Diabetes medication dose changed this admission - medication reconciliation and patient education,Review before discharge; follow-up visit within 7 days; case-manager call,0
129595062,23199021,Digestive,55,Male,0.712,HIGH,2,2+ inpatient stays in the past year - enrol in care-coordination programme | High risk and discharged home - arrange follow-up call within 48-72 hours,Review before discharge; follow-up visit within 7 days; case-manager call,0
182727672,84345561,Circulatory,75,Female,0.712,HIGH,2,2+ inpatient stays in the past year - enrol in care-coordination programme | High comorbidity burden (9+ diagnoses) - consider multidisciplinary review,Review before discharge; follow-up visit within 7 days; case-manager call,1
58709226,3401055,Other,45,Female,0.712,HIGH,1,2+ inpatient stays in the past year - enrol in care-coordination programme,Review before discharge; follow-up visit within 7 days; case-manager call,1
154645350,40428918,Injury,65,Female,0.712,HIGH,1,2+ inpatient stays in the past year - enrol in care-coordination programme,Review before discharge; follow-up visit within 7 days; case-manager call,1
289002714,38870253,Digestive,75,Female,0.712,HIGH,4,2+ inpatient stays in the past year - enrol in care-coordination programme | High comorbidity burden (9+ diagnoses) - consider multidisciplinary review | Prolonged stay (8+ days) - confirm clinical stability before discharge | Polypharmacy (25+ medications) - pharmacist review,Review before discharge; follow-up visit within 7 days; case-manager call,0
83306394,40895766,Circulatory,55,Male,0.709,HIGH,3,2+ inpatient stays in the past year - enrol in care-coordination programme | Diabetes medication dose changed this admission - medication reconciliation and patient education | Polypharmacy (25+ medications) - pharmacist review,Review before discharge; follow-up visit within 7 days; case-manager call,0
213414732,90489195,Circulatory,35,Female,0.709,HIGH,5,2+ inpatient stays in the past year - enrol in care-coordination programme | 2+ emergency visits in the past year - review outpatient access and follow-up plan | Diabetes medication dose changed this admission - medication reconciliation and patient education | High comorbidity burden (9+ diagnoses) - consider multidisciplinary review | High risk and discharged home - arrange follow-up call within 48-72 hours,Review before discharge; follow-up visit within 7 days; case-manager call,1
233499066,95494239,Respiratory,75,Female,0.709,HIGH,3,2+ inpatient stays in the past year - enrol in care-coordination programme | Diabetes medication dose changed this admission - medication reconciliation and patient education | High comorbidity burden (9+ diagnoses) - consider multidisciplinary review,Review before discharge; follow-up visit within 7 days; case-manager call,0
380826902,88681950,Circulatory,55,Female,0.709,HIGH,4,2+ inpatient stays in the past year - enrol in care-coordination programme | 2+ emergency visits in the past year - review outpatient access and follow-up plan | High comorbidity burden (9+ diagnoses) - consider multidisciplinary review | High risk and discharged home - arrange follow-up call within 48-72 hours,Review before discharge; follow-up visit within 7 days; case-manager call,1
198947700,85232619,Other,55,Female,0.709,HIGH,4,2+ inpatient stays in the past year - enrol in care-coordination programme | Diabetes medication dose changed this admission - medication reconciliation and patient education | High comorbidity burden (9+ diagnoses) - consider multidisciplinary review | Polypharmacy (25+ medications) - pharmacist review,Review before discharge; follow-up visit within 7 days; case-manager call,1
405556268,89463069,Respiratory,65,Male,0.709,HIGH,4,2+ inpatient stays in the past year - enrol in care-coordination programme | Diabetes medication dose changed this admission - medication reconciliation and patient education | High comorbidity burden (9+ diagnoses) - consider multidisciplinary review | High risk and discharged home - arrange follow-up call within 48-72 hours,Review before discharge; follow-up visit within 7 days; case-manager call,0
169281426,97391007,Diabetes,45,Female,0.707,HIGH,3,2+ inpatient stays in the past year - enrol in care-coordination programme | Diabetes medication dose changed this admission - medication reconciliation and patient education | High risk and discharged home - arrange follow-up call within 48-72 hours,Review before discharge; follow-up visit within 7 days; case-manager call,1
219938688,90544590,Neoplasms,75,Male,0.707,HIGH,1,2+ inpatient stays in the past year - enrol in care-coordination programme,Review before discharge; follow-up visit within 7 days; case-manager call,0
284937240,58633353,Digestive,85,Female,0.706,HIGH,3,2+ inpatient stays in the past year - enrol in care-coordination programme | High comorbidity burden (9+ diagnoses) - consider multidisciplinary review | High risk and discharged home - arrange follow-up call within 48-72 hours,Review before discharge; follow-up visit within 7 days; case-manager call,0
217498584,97391007,Diabetes,45,Female,0.706,HIGH,1,2+ inpatient stays in the past year - enrol in care-coordination programme,Review before discharge; follow-up visit within 7 days; case-manager call,0
151413846,88785891,Diabetes,25,Female,0.706,HIGH,3,2+ inpatient stays in the past year - enrol in care-coordination programme | Diabetes medication dose changed this admission - medication reconciliation and patient education | High risk and discharged home - arrange follow-up call within 48-72 hours,Review before discharge; follow-up visit within 7 days; case-manager call,1
250314834,39501135,Circulatory,85,Male,0.705,HIGH,3,2+ inpatient stays in the past year - enrol in care-coordination programme | High comorbidity burden (9+ diagnoses) - consider multidisciplinary review | Prolonged stay (8+ days) - confirm clinical stability before discharge,Review before discharge; follow-up visit within 7 days; case-manager call,0
98317206,23643405,Diabetes,25,Female,0.705,HIGH,5,2+ inpatient stays in the past year - enrol in care-coordination programme | 2+ emergency visits in the past year - review outpatient access and follow-up plan | Diabetes medication dose changed this admission - medication reconciliation and patient education | High comorbidity burden (9+ diagnoses) - consider multidisciplinary review | High risk and discharged home - arrange follow-up call within 48-72 hours,Review before discharge; follow-up visit within 7 days; case-manager call,0
328442564,41220999,Other,95,Male,0.705,HIGH,3,2+ inpatient stays in the past year - enrol in care-coordination programme | Diabetes medication dose changed this admission - medication reconciliation and patient education | High comorbidity burden (9+ diagnoses) - consider multidisciplinary review,Review before discharge; follow-up visit within 7 days; case-manager call,1
79767432,16156494,Diabetes,35,Male,0.705,HIGH,1,2+ inpatient stays in the past year - enrol in care-coordination programme,Review before discharge; follow-up visit within 7 days; case-manager call,1
230112648,43987347,Digestive,35,Female,0.705,HIGH,3,2+ inpatient stays in the past year - enrol in care-coordination programme | High comorbidity burden (9+ diagnoses) - consider multidisciplinary review | Prolonged stay (8+ days) - confirm clinical stability before discharge,Review before discharge; follow-up visit within 7 days; case-manager call,0
159034146,82203444,Other,45,Female,0.705,HIGH,3,2+ inpatient stays in the past year - enrol in care-coordination programme | 2+ emergency visits in the past year - review outpatient access and follow-up plan | High risk and discharged home - arrange follow-up call within 48-72 hours,Review before discharge; follow-up visit within 7 days; case-manager call,0
202721910,85232619,Respiratory,55,Female,0.704,HIGH,5,2+ inpatient stays in the past year - enrol in care-coordination programme | Diabetes medication dose changed this admission - medication reconciliation and patient education | High comorbidity burden (9+ diagnoses) - consider multidisciplinary review | Prolonged stay (8+ days) - confirm clinical stability before discharge | Polypharmacy (25+ medications) - pharmacist review,Review before discharge; follow-up visit within 7 days; case-manager call,0
433781762,97544574,Diabetes,45,Male,0.704,HIGH,3,2+ inpatient stays in the past year - enrol in care-coordination programme | High comorbidity burden (9+ diagnoses) - consider multidisciplinary review | High risk and discharged home - arrange follow-up call within 48-72 hours,Review before discharge; follow-up visit within 7 days; case-manager call,1
439620116,89308323,Neoplasms,75,Female,0.703,HIGH,3,2+ inpatient stays in the past year - enrol in care-coordination programme | 2+ emergency visits in the past year - review outpatient access and follow-up plan | High comorbidity burden (9+ diagnoses) - consider multidisciplinary review,Review before discharge; follow-up visit within 7 days; case-manager call,1
179862996,84345561,Circulatory,75,Female,0.703,HIGH,2,2+ inpatient stays in the past year - enrol in care-coordination programme | High comorbidity burden (9+ diagnoses) - consider multidisciplinary review,Review before discharge; follow-up visit within 7 days; case-manager call,1
161777838,24954642,Circulatory,55,Male,0.703,HIGH,2,2+ inpatient stays in the past year - enrol in care-coordination programme | High risk and discharged home - arrange follow-up call within 48-72 hours,Review before discharge; follow-up visit within 7 days; case-manager call,0
175282890,57617154,Respiratory,75,Male,0.702,HIGH,2,2+ inpatient stays in the past year - enrol in care-coordination programme | High comorbidity burden (9+ diagnoses) - consider multidisciplinary review,Review before discharge; follow-up visit within 7 days; case-manager call,0
291808098,88785891,Digestive,25,Female,0.702,HIGH,4,2+ inpatient stays in the past year - enrol in care-coordination programme | 2+ emergency visits in the past year - review outpatient access and follow-up plan | Diabetes medication dose changed this admission - medication reconciliation and patient education | High comorbidity burden (9+ diagnoses) - consider multidisciplinary review,Review before discharge; follow-up visit within 7 days; case-manager call,0
288861228,88844373,Other,35,Female,0.702,HIGH,5,2+ inpatient stays in the past year - enrol in care-coordination programme | 2+ emergency visits in the past year - review outpatient access and follow-up plan | Diabetes medication dose changed this admission - medication reconciliation and patient education | High comorbidity burden (9+ diagnoses) - consider multidisciplinary review | High risk and discharged home - arrange follow-up call within 48-72 hours,Review before discharge; follow-up visit within 7 days; case-manager call,0
254374788,57870918,Digestive,55,Female,0.702,HIGH,3,2+ inpatient stays in the past year - enrol in care-coordination programme | 2+ emergency visits in the past year - review outpatient access and follow-up plan | High risk and discharged home - arrange follow-up call within 48-72 hours,Review before discharge; follow-up visit within 7 days; case-manager call,0
39749172,1660293,Digestive,65,Female,0.702,HIGH,2,2+ inpatient stays in the past year - enrol in care-coordination programme | High risk and discharged home - arrange follow-up call within 48-72 hours,Review before discharge; follow-up visit within 7 days; case-manager call,0
186476628,58404375,Circulatory,85,Female,0.702,HIGH,3,2+ inpatient stays in the past year - enrol in care-coordination programme | Diabetes medication dose changed this admission - medication reconciliation and patient education | High comorbidity burden (9+ diagnoses) - consider multidisciplinary review,Review before discharge; follow-up visit within 7 days; case-manager call,0
232655340,88785891,Other,25,Female,0.702,HIGH,4,2+ inpatient stays in the past year - enrol in care-coordination programme | 2+ emergency visits in the past year - review outpatient access and follow-up plan | Diabetes medication dose changed this admission - medication reconciliation and patient education | High risk and discharged home - arrange follow-up call within 48-72 hours,Review before discharge; follow-up visit within 7 days; case-manager call,0
283584072,88681950,Respiratory,55,Female,0.702,HIGH,4,2+ inpatient stays in the past year - enrol in care-coordination programme | 2+ emergency visits in the past year - review outpatient access and follow-up plan | High comorbidity burden (9+ diagnoses) - consider multidisciplinary review | Polypharmacy (25+ medications) - pharmacist review,Review before discharge; follow-up visit within 7 days; case-manager call,0
76116618,417618,Circulatory,75,Male,0.702,HIGH,2,2+ inpatient stays in the past year - enrol in care-coordination programme | High comorbidity burden (9+ diagnoses) - consider multidisciplinary review,Review before discharge; follow-up visit within 7 days; case-manager call,1
116469132,87964578,Respiratory,65,Female,0.702,HIGH,4,2+ inpatient stays in the past year - enrol in care-coordination programme | 2+ emergency visits in the past year - review outpatient access and follow-up plan | High comorbidity burden (9+ diagnoses) - consider multidisciplinary review | Prolonged stay (8+ days) - confirm clinical stability before discharge,Review before discharge; follow-up visit within 7 days; case-manager call,0
136870998,114644241,Circulatory,85,Male,0.702,HIGH,2,2+ inpatient stays in the past year - enrol in care-coordination programme | 2+ emergency visits in the past year - review outpatient access and follow-up plan,Review before discharge; follow-up visit within 7 days; case-manager call,0
276628248,91776843,Circulatory,55,Male,0.701,HIGH,2,2+ inpatient stays in the past year - enrol in care-coordination programme | High comorbidity burden (9+ diagnoses) - consider multidisciplinary review,Review before discharge; follow-up visit within 7 days; case-manager call,0
133369242,23199021,Digestive,55,Male,0.701,HIGH,2,2+ inpatient stays in the past year - enrol in care-coordination programme | High risk and discharged home - arrange follow-up call within 48-72 hours,Review before discharge; follow-up visit within 7 days; case-manager call,1
221011776,22265478,Other,65,Female,0.701,HIGH,3,2+ inpatient stays in the past year - enrol in care-coordination programme | Diabetes medication dose changed this admission - medication reconciliation and patient education | High comorbidity burden (9+ diagnoses) - consider multidisciplinary review,Review before discharge; follow-up visit within 7 days; case-manager call,1
81347208,16156494,Diabetes,35,Male,0.701,HIGH,3,2+ inpatient stays in the past year - enrol in care-coordination programme | Diabetes medication dose changed this admission - medication reconciliation and patient education | High risk and discharged home - arrange follow-up call within 48-72 hours,Review before discharge; follow-up visit within 7 days; case-manager call,0
97905702,98302518,Other,75,Male,0.7,HIGH,3,2+ inpatient stays in the past year - enrol in care-coordination programme | High comorbidity burden (9+ diagnoses) - consider multidisciplinary review | High risk and discharged home - arrange follow-up call within 48-72 hours,Review before discharge; follow-up visit within 7 days; case-manager call,1
86836068,751653,Diabetes,35,Female,0.7,HIGH,2,2+ inpatient stays in the past year - enrol in care-coordination programme | Diabetes medication dose changed this admission - medication reconciliation and patient education,Review before discharge; follow-up visit within 7 days; case-manager call,0
20965008,2341521,Neoplasms,75,Female,0.7,HIGH,4,2+ inpatient stays in the past year - enrol in care-coordination programme | High comorbidity burden (9+ diagnoses) - consider multidisciplinary review | Prolonged stay (8+ days) - confirm clinical stability before discharge | High risk and discharged home - arrange follow-up call within 48-72 hours,Review before discharge; follow-up visit within 7 days; case-manager call,0
181853988,91562562,Other,65,Male,0.7,HIGH,6,2+ inpatient stays in the past year - enrol in care-coordination programme | Diabetes medication dose changed this admission - medication reconciliation and patient education | High comorbidity burden (9+ diagnoses) - consider multidisciplinary review | Prolonged stay (8+ days) - confirm clinical stability before discharge | Polypharmacy (25+ medications) - pharmacist review | High risk and discharged home - arrange follow-up call within 48-72 hours,Review before discharge; follow-up visit within 7 days; case-manager call,0
77018190,3401055,Digestive,45,Female,0.7,HIGH,3,2+ inpatient stays in the past year - enrol in care-coordination programme | High comorbidity burden (9+ diagnoses) - consider multidisciplinary review | High risk and discharged home - arrange follow-up call within 48-72 hours,Review before discharge; follow-up visit within 7 days; case-manager call,1
153046722,43332093,Circulatory,55,Male,0.7,HIGH,1,2+ inpatient stays in the past year - enrol in care-coordination programme,Review before discharge; follow-up visit within 7 days; case-manager call,1
128363052,24401799,Diabetes,65,Male,0.7,HIGH,3,2+ inpatient stays in the past year - enrol in care-coordination programme | High comorbidity burden (9+ diagnoses) - consider multidisciplinary review | High risk and discharged home - arrange follow-up call within 48-72 hours,Review before discharge; follow-up visit within 7 days; case-manager call,0
399653702,86931513,Respiratory,85,Male,0.699,HIGH,3,2+ inpatient stays in the past year - enrol in care-coordination programme | High comorbidity burden (9+ diagnoses) - consider multidisciplinary review | High risk and discharged home - arrange follow-up call within 48-72 hours,Review before discharge; follow-up visit within 7 days; case-manager call,0
62968716,97087860,Diabetes,35,Male,0.699,HIGH,3,2+ inpatient stays in the past year - enrol in care-coordination programme | Diabetes medication dose changed this admission - medication reconciliation and patient education | High risk and discharged home - arrange follow-up call within 48-72 hours,Review before discharge; follow-up visit within 7 days; case-manager call,0
96617274,23643405,Diabetes,25,Female,0.699,HIGH,5,2+ inpatient stays in the past year - enrol in care-coordination programme | 2+ emergency visits in the past year - review outpatient access and follow-up plan | Diabetes medication dose changed this admission - medication reconciliation and patient education | High comorbidity burden (9+ diagnoses) - consider multidisciplinary review | High risk and discharged home - arrange follow-up call within 48-72 hours,Review before discharge; follow-up visit within 7 days; case-manager call,1
55295502,1660293,Diabetes,65,Female,0.698,HIGH,4,"2+ inpatient stays in the past year - enrol in care-coordination programme | HbA1c above 8% - poor glycaemic control, consider treatment review / endocrine follow-up | Diabetes medication dose changed this admission - medication reconciliation and patient education | High risk and discharged home - arrange follow-up call within 48-72 hours",Review before discharge; follow-up visit within 7 days; case-manager call,0
267268842,88227540,Injury,45,Female,0.698,HIGH,4,2+ inpatient stays in the past year - enrol in care-coordination programme | 2+ emergency visits in the past year - review outpatient access and follow-up plan | High comorbidity burden (9+ diagnoses) - consider multidisciplinary review | Prolonged stay (8+ days) - confirm clinical stability before discharge,Review before discharge; follow-up visit within 7 days; case-manager call,1
366077864,88844373,Other,35,Female,0.697,HIGH,4,2+ inpatient stays in the past year - enrol in care-coordination programme | 2+ emergency visits in the past year - review outpatient access and follow-up plan | Diabetes medication dose changed this admission - medication reconciliation and patient education | High risk and discharged home - arrange follow-up call within 48-72 hours,Review before discharge; follow-up visit within 7 days; case-manager call,0
94185984,103191201,Respiratory,55,Male,0.697,HIGH,4,2+ inpatient stays in the past year - enrol in care-coordination programme | High comorbidity burden (9+ diagnoses) - consider multidisciplinary review | Prolonged stay (8+ days) - confirm clinical stability before discharge | High risk and discharged home - arrange follow-up call within 48-72 hours,Review before discharge; follow-up visit within 7 days; case-manager call,1
277490424,88785891,Other,25,Female,0.697,HIGH,6,"2+ inpatient stays in the past year - enrol in care-coordination programme | 2+ emergency visits in the past year - review outpatient access and follow-up plan | HbA1c above 8% - poor glycaemic control, consider treatment review / endocrine follow-up | Diabetes medication dose changed this admission - medication reconciliation and patient education | High comorbidity burden (9+ diagnoses) - consider multidisciplinary review | High risk and discharged home - arrange follow-up call within 48-72 hours",Review before discharge; follow-up visit within 7 days; case-manager call,1
171416682,70680132,Circulatory,85,Female,0.697,HIGH,2,2+ inpatient stays in the past year - enrol in care-coordination programme | High comorbidity burden (9+ diagnoses) - consider multidisciplinary review,Review before discharge; follow-up visit within 7 days; case-manager call,1
296060840,84324771,Genitourinary,85,Female,0.696,HIGH,2,2+ inpatient stays in the past year - enrol in care-coordination programme | High comorbidity burden (9+ diagnoses) - consider multidisciplinary review,Review before discharge; follow-up visit within 7 days; case-manager call,0
294336950,76335165,Other,45,Male,0.696,HIGH,4,2+ inpatient stays in the past year - enrol in care-coordination programme | 2+ emergency visits in the past year - review outpatient access and follow-up plan | Diabetes medication dose changed this admission - medication reconciliation and patient education | High comorbidity burden (9+ diagnoses) - consider multidisciplinary review,Review before discharge; follow-up visit within 7 days; case-manager call,0
229308270,97551315,Circulatory,65,Male,0.696,HIGH,4,2+ inpatient stays in the past year - enrol in care-coordination programme | 2+ emergency visits in the past year - review outpatient access and follow-up plan | High comorbidity burden (9+ diagnoses) - consider multidisciplinary review | High risk and discharged home - arrange follow-up call within 48-72 hours,Review before discharge; follow-up visit within 7 days; case-manager call,0
229292166,85232619,Genitourinary,55,Female,0.696,HIGH,4,2+ inpatient stays in the past year - enrol in care-coordination programme | Diabetes medication dose changed this admission - medication reconciliation and patient education | High comorbidity burden (9+ diagnoses) - consider multidisciplinary review | Polypharmacy (25+ medications) - pharmacist review,Review before discharge; follow-up visit within 7 days; case-manager call,0
237048234,39501135,Circulatory,85,Male,0.696,HIGH,2,2+ inpatient stays in the past year - enrol in care-coordination programme | High comorbidity burden (9+ diagnoses) - consider multidisciplinary review,Review before discharge; follow-up visit within 7 days; case-manager call,0
211394880,42941232,Circulatory,75,Male,0.696,HIGH,2,2+ inpatient stays in the past year - enrol in care-coordination programme | High comorbidity burden (9+ diagnoses) - consider multidisciplinary review,Review before discharge; follow-up visit within 7 days; case-manager call,1
189144708,42941232,Other,75,Male,0.695,HIGH,5,2+ inpatient stays in the past year - enrol in care-coordination programme | Diabetes medication dose changed this admission - medication reconciliation and patient education | High comorbidity burden (9+ diagnoses) - consider multidisciplinary review | Prolonged stay (8+ days) - confirm clinical stability before discharge | Polypharmacy (25+ medications) - pharmacist review,Review before discharge; follow-up visit within 7 days; case-manager call,1
354887714,38870253,Genitourinary,75,Female,0.695,HIGH,3,2+ inpatient stays in the past year - enrol in care-coordination programme | Diabetes medication dose changed this admission - medication reconciliation and patient education | High comorbidity burden (9+ diagnoses) - consider multidisciplinary review,Review before discharge; follow-up visit within 7 days; case-manager call,0
124758438,82959210,Other,85,Female,0.695,HIGH,3,2+ inpatient stays in the past year - enrol in care-coordination programme | Diabetes medication dose changed this admission - medication reconciliation and patient education | High comorbidity burden (9+ diagnoses) - consider multidisciplinary review,Review before discharge; follow-up visit within 7 days; case-manager call,0
220197342,85232619,Other,55,Female,0.695,HIGH,4,2+ inpatient stays in the past year - enrol in care-coordination programme | Diabetes medication dose changed this admission - medication reconciliation and patient education | High comorbidity burden (9+ diagnoses) - consider multidisciplinary review | Polypharmacy (25+ medications) - pharmacist review,Review before discharge; follow-up visit within 7 days; case-manager call,0
146585376,72070290,Circulatory,35,Female,0.695,HIGH,4,2+ inpatient stays in the past year - enrol in care-coordination programme | High comorbidity burden (9+ diagnoses) - consider multidisciplinary review | Polypharmacy (25+ medications) - pharmacist review | High risk and discharged home - arrange follow-up call within 48-72 hours,Review before discharge; follow-up visit within 7 days; case-manager call,0
139425576,88785891,Diabetes,25,Female,0.695,HIGH,4,2+ inpatient stays in the past year - enrol in care-coordination programme | Diabetes medication dose changed this admission - medication reconciliation and patient education | High comorbidity burden (9+ diagnoses) - consider multidisciplinary review | High risk and discharged home - arrange follow-up call within 48-72 hours,Review before discharge; follow-up visit within 7 days; case-manager call,1
256519944,39501135,Other,85,Male,0.695,HIGH,3,2+ inpatient stays in the past year - enrol in care-coordination programme | Prolonged stay (8+ days) - confirm clinical stability before discharge | High risk and discharged home - arrange follow-up call within 48-72 hours,Review before discharge; follow-up visit within 7 days; case-manager call,0
423196760,41220999,Respiratory,95,Male,0.695,HIGH,3,2+ inpatient stays in the past year - enrol in care-coordination programme | Diabetes medication dose changed this admission - medication reconciliation and patient education | High comorbidity burden (9+ diagnoses) - consider multidisciplinary review,Review before discharge; follow-up visit within 7 days; case-manager call,1
81790986,1660293,Injury,75,Female,0.695,HIGH,3,2+ inpatient stays in the past year - enrol in care-coordination programme | High comorbidity burden (9+ diagnoses) - consider multidisciplinary review | High risk and discharged home - arrange follow-up call within 48-72 hours,Review before discharge; follow-up visit within 7 days; case-manager call,1
78578076,80039745,Diabetes,35,Male,0.694,HIGH,2,2+ inpatient stays in the past year - enrol in care-coordination programme | High risk and discharged home - arrange follow-up call within 48-72 hours,Review before discharge; follow-up visit within 7 days; case-manager call,0
146120022,24321951,Respiratory,65,Female,0.694,HIGH,2,2+ inpatient stays in the past year - enrol in care-coordination programme | Diabetes medication dose changed this admission - medication reconciliation and patient education,Review before discharge; follow-up visit within 7 days; case-manager call,0
76816506,1657485,Other,65,Male,0.694,HIGH,2,2+ inpatient stays in the past year - enrol in care-coordination programme | High comorbidity burden (9+ diagnoses) - consider multidisciplinary review,Review before discharge; follow-up visit within 7 days; case-manager call,0
64670994,3401055,Circulatory,45,Female,0.694,HIGH,2,2+ inpatient stays in the past year - enrol in care-coordination programme | Prolonged stay (8+ days) - confirm clinical stability before discharge,Review before discharge; follow-up visit within 7 days; case-manager call,0
156527592,23571540,Circulatory,55,Female,0.693,HIGH,3,2+ inpatient stays in the past year - enrol in care-coordination programme | 2+ emergency visits in the past year - review outpatient access and follow-up plan | High risk and discharged home - arrange follow-up call within 48-72 hours,Review before discharge; follow-up visit within 7 days; case-manager call,1
191490528,84345561,Circulatory,75,Female,0.693,HIGH,2,2+ inpatient stays in the past year - enrol in care-coordination programme | High comorbidity burden (9+ diagnoses) - consider multidisciplinary review,Review before discharge; follow-up visit within 7 days; case-manager call,0
299580968,105680502,Circulatory,85,Male,0.693,HIGH,3,2+ inpatient stays in the past year - enrol in care-coordination programme | Diabetes medication dose changed this admission - medication reconciliation and patient education | High comorbidity burden (9+ diagnoses) - consider multidisciplinary review,Review before discharge; follow-up visit within 7 days; case-manager call,1
128667768,107874027,Genitourinary,75,Male,0.693,HIGH,2,2+ inpatient stays in the past year - enrol in care-coordination programme | High risk and discharged home - arrange follow-up call within 48-72 hours,Review before discharge; follow-up visit within 7 days; case-manager call,0
183194856,88785891,Diabetes,25,Female,0.693,HIGH,5,"2+ inpatient stays in the past year - enrol in care-coordination programme | 2+ emergency visits in the past year - review outpatient access and follow-up plan | HbA1c above 8% - poor glycaemic control, consider treatment review / endocrine follow-up | Diabetes medication dose changed this admission - medication reconciliation and patient education | High risk and discharged home - arrange follow-up call within 48-72 hours",Review before discharge; follow-up visit within 7 days; case-manager call,0
194646558,97391007,Diabetes,45,Female,0.693,HIGH,3,2+ inpatient stays in the past year - enrol in care-coordination programme | High comorbidity burden (9+ diagnoses) - consider multidisciplinary review | High risk and discharged home - arrange follow-up call within 48-72 hours,Review before discharge; follow-up visit within 7 days; case-manager call,1
195807480,70891839,Other,45,Female,0.693,HIGH,3,2+ inpatient stays in the past year - enrol in care-coordination programme | Diabetes medication dose changed this admission - medication reconciliation and patient education | High comorbidity burden (9+ diagnoses) - consider multidisciplinary review,Review before discharge; follow-up visit within 7 days; case-manager call,1
275681748,38870253,Other,75,Female,0.692,HIGH,4,2+ inpatient stays in the past year - enrol in care-coordination programme | Diabetes medication dose changed this admission - medication reconciliation and patient education | High comorbidity burden (9+ diagnoses) - consider multidisciplinary review | Polypharmacy (25+ medications) - pharmacist review,Review before discharge; follow-up visit within 7 days; case-manager call,0
73420470,16156494,Diabetes,35,Male,0.692,HIGH,3,"2+ inpatient stays in the past year - enrol in care-coordination programme | HbA1c above 8% - poor glycaemic control, consider treatment review / endocrine follow-up | High risk and discharged home - arrange follow-up call within 48-72 hours",Review before discharge; follow-up visit within 7 days; case-manager call,0
218652600,88533495,Circulatory,45,Male,0.692,HIGH,4,2+ inpatient stays in the past year - enrol in care-coordination programme | Diabetes medication dose changed this admission - medication reconciliation and patient education | High comorbidity burden (9+ diagnoses) - consider multidisciplinary review | High risk and discharged home - arrange follow-up call within 48-72 hours,Review before discharge; follow-up visit within 7 days; case-manager call,1
90944358,40895766,Respiratory,55,Male,0.692,HIGH,5,2+ inpatient stays in the past year - enrol in care-coordination programme | Diabetes medication dose changed this admission - medication reconciliation and patient education | High comorbidity burden (9+ diagnoses) - consider multidisciplinary review | Prolonged stay (8+ days) - confirm clinical stability before discharge | Polypharmacy (25+ medications) - pharmacist review,Review before discharge; follow-up visit within 7 days; case-manager call,0
282577938,88227540,Other,45,Female,0.692,HIGH,4,2+ inpatient stays in the past year - enrol in care-coordination programme | 2+ emergency visits in the past year - review outpatient access and follow-up plan | High comorbidity burden (9+ diagnoses) - consider multidisciplinary review | High risk and discharged home - arrange follow-up call within 48-72 hours,Review before discharge; follow-up visit within 7 days; case-manager call,0
153936834,58356459,Other,65,Male,0.692,HIGH,3,2+ inpatient stays in the past year - enrol in care-coordination programme | 2+ emergency visits in the past year - review outpatient access and follow-up plan | Diabetes medication dose changed this admission - medication reconciliation and patient education,Review before discharge; follow-up visit within 7 days; case-manager call,1
84602322,71379873,Circulatory,55,Male,0.691,HIGH,1,2+ inpatient stays in the past year - enrol in care-coordination programme,Review before discharge; follow-up visit within 7 days; case-manager call,0
244159092,84562623,Other,75,Female,0.691,HIGH,4,2+ inpatient stays in the past year - enrol in care-coordination programme | 2+ emergency visits in the past year - review outpatient access and follow-up plan | High comorbidity burden (9+ diagnoses) - consider multidisciplinary review | High risk and discharged home - arrange follow-up call within 48-72 hours,Review before discharge; follow-up visit within 7 days; case-manager call,0
353135060,114713712,Genitourinary,75,Female,0.691,HIGH,4,2+ inpatient stays in the past year - enrol in care-coordination programme | 2+ emergency visits in the past year - review outpatient access and follow-up plan | High comorbidity burden (9+ diagnoses) - consider multidisciplinary review | High risk and discharged home - arrange follow-up call within 48-72 hours,Review before discharge; follow-up visit within 7 days; case-manager call,1
226459590,94900770,Genitourinary,85,Female,0.691,HIGH,6,2+ inpatient stays in the past year - enrol in care-coordination programme | 2+ emergency visits in the past year - review outpatient access and follow-up plan | Diabetes medication dose changed this admission - medication reconciliation and patient education | High comorbidity burden (9+ diagnoses) - consider multidisciplinary review | Prolonged stay (8+ days) - confirm clinical stability before discharge | Polypharmacy (25+ medications) - pharmacist review,Review before discharge; follow-up visit within 7 days; case-manager call,0
286559364,85916097,Respiratory,55,Male,0.691,HIGH,3,2+ inpatient stays in the past year - enrol in care-coordination programme | High comorbidity burden (9+ diagnoses) - consider multidisciplinary review | High risk and discharged home - arrange follow-up call within 48-72 hours,Review before discharge; follow-up visit within 7 days; case-manager call,0
78538554,24255261,Other,45,Female,0.691,HIGH,6,2+ inpatient stays in the past year - enrol in care-coordination programme | 2+ emergency visits in the past year - review outpatient access and follow-up plan | Diabetes medication dose changed this admission - medication reconciliation and patient education | High comorbidity burden (9+ diagnoses) - consider multidisciplinary review | Prolonged stay (8+ days) - confirm clinical stability before discharge | Polypharmacy (25+ medications) - pharmacist review,Review before discharge; follow-up visit within 7 days; case-manager call,0
162100668,90751788,Circulatory,65,Female,0.691,HIGH,1,2+ inpatient stays in the past year - enrol in care-coordination programme,Review before discharge; follow-up visit within 7 days; case-manager call,0
327182354,97856856,Other,75,Male,0.691,HIGH,4,2+ inpatient stays in the past year - enrol in care-coordination programme | 2+ emergency visits in the past year - review outpatient access and follow-up plan | Diabetes medication dose changed this admission - medication reconciliation and patient education | High comorbidity burden (9+ diagnoses) - consider multidisciplinary review,Review before discharge; follow-up visit within 7 days; case-manager call,1
231909198,88227540,Other,45,Female,0.691,HIGH,6,2+ inpatient stays in the past year - enrol in care-coordination programme | 2+ emergency visits in the past year - review outpatient access and follow-up plan | Diabetes medication dose changed this admission - medication reconciliation and patient education | High comorbidity burden (9+ diagnoses) - consider multidisciplinary review | Prolonged stay (8+ days) - confirm clinical stability before discharge | Polypharmacy (25+ medications) - pharmacist review,Review before discharge; follow-up visit within 7 days; case-manager call,0
170671386,67626414,Other,85,Female,0.69,HIGH,3,2+ inpatient stays in the past year - enrol in care-coordination programme | Diabetes medication dose changed this admission - medication reconciliation and patient education | High comorbidity burden (9+ diagnoses) - consider multidisciplinary review,Review before discharge; follow-up visit within 7 days; case-manager call,1
426052640,106757478,Digestive,95,Female,0.69,HIGH,3,2+ inpatient stays in the past year - enrol in care-coordination programme | High comorbidity burden (9+ diagnoses) - consider multidisciplinary review | High risk and discharged home - arrange follow-up call within 48-72 hours,Review before discharge; follow-up visit within 7 days; case-manager call,0
168604836,88227540,Digestive,45,Female,0.69,HIGH,3,2+ inpatient stays in the past year - enrol in care-coordination programme | 2+ emergency visits in the past year - review outpatient access and follow-up plan | High risk and discharged home - arrange follow-up call within 48-72 hours,Review before discharge; follow-up visit within 7 days; case-manager call,0
29927856,7258698,Diabetes,55,Male,0.69,HIGH,2,2+ inpatient stays in the past year - enrol in care-coordination programme | Prolonged stay (8+ days) - confirm clinical stability before discharge,Review before discharge; follow-up visit within 7 days; case-manager call,1
434911802,91776843,Respiratory,55,Male,0.69,HIGH,5,2+ inpatient stays in the past year - enrol in care-coordination programme | High comorbidity burden (9+ diagnoses) - consider multidisciplinary review | Prolonged stay (8+ days) - confirm clinical stability before discharge | Polypharmacy (25+ medications) - pharmacist review | High risk and discharged home - arrange follow-up call within 48-72 hours,Review before discharge; follow-up visit within 7 days; case-manager call,0
249750420,85232619,Respiratory,55,Female,0.69,HIGH,4,2+ inpatient stays in the past year - enrol in care-coordination programme | Diabetes medication dose changed this admission - medication reconciliation and patient education | High comorbidity burden (9+ diagnoses) - consider multidisciplinary review | Polypharmacy (25+ medications) - pharmacist review,Review before discharge; follow-up visit within 7 days; case-manager call,0
199351428,70891839,Other,45,Female,0.689,HIGH,5,2+ inpatient stays in the past year - enrol in care-coordination programme | Diabetes medication dose changed this admission - medication reconciliation and patient education | High comorbidity burden (9+ diagnoses) - consider multidisciplinary review | Prolonged stay (8+ days) - confirm clinical stability before discharge | Polypharmacy (25+ medications) - pharmacist review,Review before discharge; follow-up visit within 7 days; case-manager call,0
102354006,23199021,Digestive,55,Male,0.689,HIGH,3,2+ inpatient stays in the past year - enrol in care-coordination programme | 2+ emergency visits in the past year - review outpatient access and follow-up plan | High risk and discharged home - arrange follow-up call within 48-72 hours,Review before discharge; follow-up visit within 7 days; case-manager call,0
175943514,113110956,Injury,45,Female,0.689,HIGH,4,2+ inpatient stays in the past year - enrol in care-coordination programme | High comorbidity burden (9+ diagnoses) - consider multidisciplinary review | Polypharmacy (25+ medications) - pharmacist review | High risk and discharged home - arrange follow-up call within 48-72 hours,Review before discharge; follow-up visit within 7 days; case-manager call,0
400882190,101125548,Digestive,45,Male,0.689,HIGH,4,2+ inpatient stays in the past year - enrol in care-coordination programme | 2+ emergency visits in the past year - review outpatient access and follow-up plan | Diabetes medication dose changed this admission - medication reconciliation and patient education | High risk and discharged home - arrange follow-up call within 48-72 hours,Review before discharge; follow-up visit within 7 days; case-manager call,0
306076130,33896214,Circulatory,75,Male,0.689,HIGH,4,2+ inpatient stays in the past year - enrol in care-coordination programme | Diabetes medication dose changed this admission - medication reconciliation and patient education | High comorbidity burden (9+ diagnoses) - consider multidisciplinary review | High risk and discharged home - arrange follow-up call within 48-72 hours,Review before discharge; follow-up visit within 7 days; case-manager call,0
264834348,91776843,Circulatory,55,Male,0.688,HIGH,2,2+ inpatient stays in the past year - enrol in care-coordination programme | High comorbidity burden (9+ diagnoses) - consider multidisciplinary review,Review before discharge; follow-up visit within 7 days; case-manager call,1
226230834,88533495,Diabetes,45,Male,0.688,HIGH,6,2+ inpatient stays in the past year - enrol in care-coordination programme | Diabetes medication dose changed this admission - medication reconciliation and patient education | High comorbidity burden (9+ diagnoses) - consider multidisciplinary review | Prolonged stay (8+ days) - confirm clinical stability before discharge | Polypharmacy (25+ medications) - pharmacist review | High risk and discharged home - arrange follow-up call within 48-72 hours,Review before discharge; follow-up visit within 7 days; case-manager call,1
387799934,101125548,Digestive,45,Male,0.688,HIGH,4,2+ inpatient stays in the past year - enrol in care-coordination programme | 2+ emergency visits in the past year - review outpatient access and follow-up plan | Diabetes medication dose changed this admission - medication reconciliation and patient education | High risk and discharged home - arrange follow-up call within 48-72 hours,Review before discharge; follow-up visit within 7 days; case-manager call,0
289928538,89308323,Circulatory,75,Female,0.688,HIGH,4,2+ inpatient stays in the past year - enrol in care-coordination programme | 2+ emergency visits in the past year - review outpatient access and follow-up plan | High comorbidity burden (9+ diagnoses) - consider multidisciplinary review | High risk and discharged home - arrange follow-up call within 48-72 hours,Review before discharge; follow-up visit within 7 days; case-manager call,0
79052154,3401055,Other,45,Female,0.688,HIGH,2,2+ inpatient stays in the past year - enrol in care-coordination programme | High risk and discharged home - arrange follow-up call within 48-72 hours,Review before discharge; follow-up visit within 7 days; case-manager call,1
276041436,88681950,Respiratory,55,Female,0.688,HIGH,4,2+ inpatient stays in the past year - enrol in care-coordination programme | 2+ emergency visits in the past year - review outpatient access and follow-up plan | High comorbidity burden (9+ diagnoses) - consider multidisciplinary review | Polypharmacy (25+ medications) - pharmacist review,Review before discharge; follow-up visit within 7 days; case-manager call,1
350190980,89308323,Digestive,75,Female,0.688,HIGH,3,2+ inpatient stays in the past year - enrol in care-coordination programme | 2+ emergency visits in the past year - review outpatient access and follow-up plan | High comorbidity burden (9+ diagnoses) - consider multidisciplinary review,Review before discharge; follow-up visit within 7 days; case-manager call,1
112911462,94125492,Circulatory,55,Female,0.687,HIGH,3,2+ inpatient stays in the past year - enrol in care-coordination programme | High comorbidity burden (9+ diagnoses) - consider multidisciplinary review | High risk and discharged home - arrange follow-up call within 48-72 hours,Review before discharge; follow-up visit within 7 days; case-manager call,1
24462906,110218230,Injury,25,Male,0.687,HIGH,4,2+ inpatient stays in the past year - enrol in care-coordination programme | High comorbidity burden (9+ diagnoses) - consider multidisciplinary review | Polypharmacy (25+ medications) - pharmacist review | High risk and discharged home - arrange follow-up call within 48-72 hours,Review before discharge; follow-up visit within 7 days; case-manager call,1
188694450,74451618,Diabetes,85,Female,0.687,HIGH,2,2+ inpatient stays in the past year - enrol in care-coordination programme | Diabetes medication dose changed this admission - medication reconciliation and patient education,Review before discharge; follow-up visit within 7 days; case-manager call,1
62050764,3401055,Circulatory,45,Female,0.687,HIGH,2,2+ inpatient stays in the past year - enrol in care-coordination programme | High comorbidity burden (9+ diagnoses) - consider multidisciplinary review,Review before discharge; follow-up visit within 7 days; case-manager call,0
267856254,39501135,Circulatory,85,Male,0.686,HIGH,3,2+ inpatient stays in the past year - enrol in care-coordination programme | High comorbidity burden (9+ diagnoses) - consider multidisciplinary review | High risk and discharged home - arrange follow-up call within 48-72 hours,Review before discharge; follow-up visit within 7 days; case-manager call,0
269138820,97391007,Circulatory,45,Female,0.686,HIGH,2,2+ inpatient stays in the past year - enrol in care-coordination programme | 2+ emergency visits in the past year - review outpatient access and follow-up plan,Review before discharge; follow-up visit within 7 days; case-manager call,0
107230638,602028,Circulatory,75,Female,0.686,HIGH,1,2+ inpatient stays in the past year - enrol in care-coordination programme,Review before discharge; follow-up visit within 7 days; case-manager call,0
199668462,88844373,Diabetes,35,Female,0.686,HIGH,4,2+ inpatient stays in the past year - enrol in care-coordination programme | 2+ emergency visits in the past year - review outpatient access and follow-up plan | Diabetes medication dose changed this admission - medication reconciliation and patient education | High risk and discharged home - arrange follow-up call within 48-72 hours,Review before discharge; follow-up visit within 7 days; case-manager call,1
184100580,23318703,Digestive,75,Male,0.686,HIGH,3,2+ inpatient stays in the past year - enrol in care-coordination programme | 2+ emergency visits in the past year - review outpatient access and follow-up plan | High risk and discharged home - arrange follow-up call within 48-72 hours,Review before discharge; follow-up visit within 7 days; case-manager call,0
172602348,41657193,Other,85,Female,0.686,HIGH,2,2+ inpatient stays in the past year - enrol in care-coordination programme | Diabetes medication dose changed this admission - medication reconciliation and patient education,Review before discharge; follow-up visit within 7 days; case-manager call,0
292859976,42603903,Circulatory,85,Female,0.686,HIGH,4,2+ inpatient stays in the past year - enrol in care-coordination programme | 2+ emergency visits in the past year - review outpatient access and follow-up plan | High comorbidity burden (9+ diagnoses) - consider multidisciplinary review | High risk and discharged home - arrange follow-up call within 48-72 hours,Review before discharge; follow-up visit within 7 days; case-manager call,0
180590844,101601846,Circulatory,75,Female,0.685,HIGH,4,2+ inpatient stays in the past year - enrol in care-coordination programme | Diabetes medication dose changed this admission - medication reconciliation and patient education | High comorbidity burden (9+ diagnoses) - consider multidisciplinary review | Polypharmacy (25+ medications) - pharmacist review,Review before discharge; follow-up visit within 7 days; case-manager call,0
49085052,70651485,Circulatory,65,Female,0.685,HIGH,1,2+ inpatient stays in the past year - enrol in care-coordination programme,Review before discharge; follow-up visit within 7 days; case-manager call,1
156573708,82203444,Other,45,Female,0.685,HIGH,2,2+ inpatient stays in the past year - enrol in care-coordination programme | 2+ emergency visits in the past year - review outpatient access and follow-up plan,Review before discharge; follow-up visit within 7 days; case-manager call,1
105036528,97152543,Respiratory,75,Female,0.685,HIGH,3,2+ inpatient stays in the past year - enrol in care-coordination programme | High comorbidity burden (9+ diagnoses) - consider multidisciplinary review | High risk and discharged home - arrange follow-up call within 48-72 hours,Review before discharge; follow-up visit within 7 days; case-manager call,0
166855086,97391007,Diabetes,45,Female,0.685,HIGH,2,2+ inpatient stays in the past year - enrol in care-coordination programme | High comorbidity burden (9+ diagnoses) - consider multidisciplinary review,Review before discharge; follow-up visit within 7 days; case-manager call,1
157867854,23190084,Digestive,55,Female,0.685,HIGH,4,2+ inpatient stays in the past year - enrol in care-coordination programme | 2+ emergency visits in the past year - review outpatient access and follow-up plan | High comorbidity burden (9+ diagnoses) - consider multidisciplinary review | High risk and discharged home - arrange follow-up call within 48-72 hours,Review before discharge; follow-up visit within 7 days; case-manager call,0
327859520,84554370,Other,65,Female,0.685,HIGH,3,2+ inpatient stays in the past year - enrol in care-coordination programme | 2+ emergency visits in the past year - review outpatient access and follow-up plan | High comorbidity burden (9+ diagnoses) - consider multidisciplinary review,Review before discharge; follow-up visit within 7 days; case-manager call,0
207432756,95504301,Diabetes,55,Female,0.684,HIGH,2,2+ inpatient stays in the past year - enrol in care-coordination programme | High comorbidity burden (9+ diagnoses) - consider multidisciplinary review,Review before discharge; follow-up visit within 7 days; case-manager call,0
149797362,23422635,Diabetes,35,Female,0.684,HIGH,3,2+ inpatient stays in the past year - enrol in care-coordination programme | 2+ emergency visits in the past year - review outpatient access and follow-up plan | High risk and discharged home - arrange follow-up call within 48-72 hours,Review before discharge; follow-up visit within 7 days; case-manager call,0
74616336,8041437,Circulatory,75,Female,0.684,HIGH,2,2+ inpatient stays in the past year - enrol in care-coordination programme | Diabetes medication dose changed this admission - medication reconciliation and patient education,Review before discharge; follow-up visit within 7 days; case-manager call,0
239032914,91776843,Circulatory,55,Male,0.684,HIGH,5,2+ inpatient stays in the past year - enrol in care-coordination programme | 2+ emergency visits in the past year - review outpatient access and follow-up plan | High comorbidity burden (9+ diagnoses) - consider multidisciplinary review | Prolonged stay (8+ days) - confirm clinical stability before discharge | Polypharmacy (25+ medications) - pharmacist review,Review before discharge; follow-up visit within 7 days; case-manager call,1
215383926,57361986,Circulatory,65,Male,0.684,HIGH,4,2+ inpatient stays in the past year - enrol in care-coordination programme | Diabetes medication dose changed this admission - medication reconciliation and patient education | High comorbidity burden (9+ diagnoses) - consider multidisciplinary review | High risk and discharged home - arrange follow-up call within 48-72 hours,Review before discharge; follow-up visit within 7 days; case-manager call,0
180075816,103305528,Diabetes,55,Male,0.684,HIGH,2,2+ inpatient stays in the past year - enrol in care-coordination programme | High comorbidity burden (9+ diagnoses) - consider multidisciplinary review,Review before discharge; follow-up visit within 7 days; case-manager call,0
205410306,63863559,Respiratory,65,Female,0.684,HIGH,4,2+ inpatient stays in the past year - enrol in care-coordination programme | Diabetes medication dose changed this admission - medication reconciliation and patient education | High comorbidity burden (9+ diagnoses) - consider multidisciplinary review | Polypharmacy (25+ medications) - pharmacist review,Review before discharge; follow-up visit within 7 days; case-manager call,0
174588612,86651406,Digestive,55,Male,0.683,HIGH,5,2+ inpatient stays in the past year - enrol in care-coordination programme | 2+ emergency visits in the past year - review outpatient access and follow-up plan | Diabetes medication dose changed this admission - medication reconciliation and patient education | High comorbidity burden (9+ diagnoses) - consider multidisciplinary review | High risk and discharged home - arrange follow-up call within 48-72 hours,Review before discharge; follow-up visit within 7 days; case-manager call,0
38486058,1660293,Digestive,65,Female,0.683,HIGH,4,2+ inpatient stays in the past year - enrol in care-coordination programme | Diabetes medication dose changed this admission - medication reconciliation and patient education | High comorbidity burden (9+ diagnoses) - consider multidisciplinary review | High risk and discharged home - arrange follow-up call within 48-72 hours,Review before discharge; follow-up visit within 7 days; case-manager call,1
92703366,50947857,Diabetes,35,Female,0.683,HIGH,3,2+ inpatient stays in the past year - enrol in care-coordination programme | High comorbidity burden (9+ diagnoses) - consider multidisciplinary review | High risk and discharged home - arrange follow-up call within 48-72 hours,Review before discharge; follow-up visit within 7 days; case-manager call,0
190700028,42941232,Digestive,75,Male,0.683,HIGH,4,2+ inpatient stays in the past year - enrol in care-coordination programme | Diabetes medication dose changed this admission - medication reconciliation and patient education | High comorbidity burden (9+ diagnoses) - consider multidisciplinary review | Polypharmacy (25+ medications) - pharmacist review,Review before discharge; follow-up visit within 7 days; case-manager call,0
79472358,4019355,Circulatory,65,Male,0.683,HIGH,2,2+ inpatient stays in the past year - enrol in care-coordination programme | High risk and discharged home - arrange follow-up call within 48-72 hours,Review before discharge; follow-up visit within 7 days; case-manager call,0
162447846,40428918,Circulatory,65,Female,0.683,HIGH,2,2+ inpatient stays in the past year - enrol in care-coordination programme | Diabetes medication dose changed this admission - medication reconciliation and patient education,Review before discharge; follow-up visit within 7 days; case-manager call,0
421429316,41348178,Circulatory,75,Male,0.683,HIGH,2,2+ inpatient stays in the past year - enrol in care-coordination programme | High comorbidity burden (9+ diagnoses) - consider multidisciplinary review,Review before discharge; follow-up visit within 7 days; case-manager call,0
66987102,23541498,Respiratory,55,Female,0.683,HIGH,3,2+ inpatient stays in the past year - enrol in care-coordination programme | 2+ emergency visits in the past year - review outpatient access and follow-up plan | High comorbidity burden (9+ diagnoses) - consider multidisciplinary review,Review before discharge; follow-up visit within 7 days; case-manager call,0
62617770,8041437,Respiratory,75,Female,0.683,HIGH,3,2+ inpatient stays in the past year - enrol in care-coordination programme | Diabetes medication dose changed this admission - medication reconciliation and patient education | High risk and discharged home - arrange follow-up call within 48-72 hours,Review before discharge; follow-up visit within 7 days; case-manager call,0
281655498,85281246,Neoplasms,75,Female,0.682,HIGH,3,2+ inpatient stays in the past year - enrol in care-coordination programme | Diabetes medication dose changed this admission - medication reconciliation and patient education | High comorbidity burden (9+ diagnoses) - consider multidisciplinary review,Review before discharge; follow-up visit within 7 days; case-manager call,0
148200342,82203444,Neoplasms,45,Female,0.682,HIGH,4,2+ inpatient stays in the past year - enrol in care-coordination programme | 2+ emergency visits in the past year - review outpatient access and follow-up plan | Prolonged stay (8+ days) - confirm clinical stability before discharge | High risk and discharged home - arrange follow-up call within 48-72 hours,Review before discharge; follow-up visit within 7 days; case-manager call,0
266684442,86931513,Respiratory,85,Male,0.682,HIGH,3,2+ inpatient stays in the past year - enrol in care-coordination programme | High comorbidity burden (9+ diagnoses) - consider multidisciplinary review | High risk and discharged home - arrange follow-up call within 48-72 hours,Review before discharge; follow-up visit within 7 days; case-manager call,0
218606130,55504485,Circulatory,65,Female,0.682,HIGH,4,2+ inpatient stays in the past year - enrol in care-coordination programme | High comorbidity burden (9+ diagnoses) - consider multidisciplinary review | Prolonged stay (8+ days) - confirm clinical stability before discharge | Polypharmacy (25+ medications) - pharmacist review,Review before discharge; follow-up visit within 7 days; case-manager call,1
216995094,43332093,Digestive,55,Male,0.682,HIGH,4,2+ inpatient stays in the past year - enrol in care-coordination programme | Diabetes medication dose changed this admission - medication reconciliation and patient education | High comorbidity burden (9+ diagnoses) - consider multidisciplinary review | Polypharmacy (25+ medications) - pharmacist review,Review before discharge; follow-up visit within 7 days; case-manager call,0
325430906,86931513,Respiratory,85,Male,0.682,HIGH,3,2+ inpatient stays in the past year - enrol in care-coordination programme | High comorbidity burden (9+ diagnoses) - consider multidisciplinary review | High risk and discharged home - arrange follow-up call within 48-72 hours,Review before discharge; follow-up visit within 7 days; case-manager call,0
406818842,40473189,Circulatory,55,Male,0.682,HIGH,5,2+ inpatient stays in the past year - enrol in care-coordination programme | 2+ emergency visits in the past year - review outpatient access and follow-up plan | Diabetes medication dose changed this admission - medication reconciliation and patient education | High comorbidity burden (9+ diagnoses) - consider multidisciplinary review | High risk and discharged home - arrange follow-up call within 48-72 hours,Review before discharge; follow-up visit within 7 days; case-manager call,0
342525308,71050527,Other,75,Male,0.682,HIGH,2,2+ inpatient stays in the past year - enrol in care-coordination programme | High comorbidity burden (9+ diagnoses) - consider multidisciplinary review,Review before discharge; follow-up visit within 7 days; case-manager call,0
179862366,97391007,Diabetes,45,Female,0.682,HIGH,2,2+ inpatient stays in the past year - enrol in care-coordination programme | High risk and discharged home - arrange follow-up call within 48-72 hours,Review before discharge; follow-up visit within 7 days; case-manager call,0
272649216,38870253,Other,75,Female,0.682,HIGH,3,2+ inpatient stays in the past year - enrol in care-coordination programme | Diabetes medication dose changed this admission - medication reconciliation and patient education | High comorbidity burden (9+ diagnoses) - consider multidisciplinary review,Review before discharge; follow-up visit within 7 days; case-manager call,1
381941222,42557265,Circulatory,75,Male,0.681,HIGH,5,2+ inpatient stays in the past year - enrol in care-coordination programme | Diabetes medication dose changed this admission - medication reconciliation and patient education | High comorbidity burden (9+ diagnoses) - consider multidisciplinary review | Prolonged stay (8+ days) - confirm clinical stability before discharge | Polypharmacy (25+ medications) - pharmacist review,Review before discharge; follow-up visit within 7 days; case-manager call,0
99287754,23199021,Digestive,55,Male,0.681,HIGH,4,2+ inpatient stays in the past year - enrol in care-coordination programme | 2+ emergency visits in the past year - review outpatient access and follow-up plan | High comorbidity burden (9+ diagnoses) - consider multidisciplinary review | High risk and discharged home - arrange follow-up call within 48-72 hours,Review before discharge; follow-up visit within 7 days; case-manager call,0
381959768,5785695,Musculoskeletal,55,Female,0.681,HIGH,2,2+ inpatient stays in the past year - enrol in care-coordination programme | High comorbidity burden (9+ diagnoses) - consider multidisciplinary review,Review before discharge; follow-up visit within 7 days; case-manager call,0
245067966,59228019,Injury,65,Female,0.681,HIGH,2,2+ inpatient stays in the past year - enrol in care-coordination programme | Diabetes medication dose changed this admission - medication reconciliation and patient education,Review before discharge; follow-up visit within 7 days; case-manager call,0
279357468,85232619,Respiratory,55,Female,0.681,HIGH,5,"2+ inpatient stays in the past year - enrol in care-coordination programme | HbA1c above 8% - poor glycaemic control, consider treatment review / endocrine follow-up | Diabetes medication dose changed this admission - medication reconciliation and patient education | High comorbidity burden (9+ diagnoses) - consider multidisciplinary review | Polypharmacy (25+ medications) - pharmacist review",Review before discharge; follow-up visit within 7 days; case-manager call,1
48105780,16156494,Diabetes,35,Male,0.681,HIGH,3,"2+ inpatient stays in the past year - enrol in care-coordination programme | HbA1c above 8% - poor glycaemic control, consider treatment review / endocrine follow-up | Diabetes medication dose changed this admission - medication reconciliation and patient education",Review before discharge; follow-up visit within 7 days; case-manager call,1
186516594,56705337,Diabetes,85,Female,0.68,HIGH,3,2+ inpatient stays in the past year - enrol in care-coordination programme | Diabetes medication dose changed this admission - medication reconciliation and patient education | High comorbidity burden (9+ diagnoses) - consider multidisciplinary review,Review before discharge; follow-up visit within 7 days; case-manager call,0
149250396,86115060,Diabetes,35,Female,0.68,HIGH,3,2+ inpatient stays in the past year - enrol in care-coordination programme | Diabetes medication dose changed this admission - medication reconciliation and patient education | High risk and discharged home - arrange follow-up call within 48-72 hours,Review before discharge; follow-up visit within 7 days; case-manager call,0
340124936,89308323,Neoplasms,75,Female,0.68,HIGH,3,2+ inpatient stays in the past year - enrol in care-coordination programme | 2+ emergency visits in the past year - review outpatient access and follow-up plan | High comorbidity burden (9+ diagnoses) - consider multidisciplinary review,Review before discharge; follow-up visit within 7 days; case-manager call,1
157091070,52669341,Other,75,Male,0.68,HIGH,3,2+ inpatient stays in the past year - enrol in care-coordination programme | High comorbidity burden (9+ diagnoses) - consider multidisciplinary review | Prolonged stay (8+ days) - confirm clinical stability before discharge,Review before discharge; follow-up visit within 7 days; case-manager call,0
155735502,91161297,Diabetes,85,Male,0.68,HIGH,3,2+ inpatient stays in the past year - enrol in care-coordination programme | Diabetes medication dose changed this admission - medication reconciliation and patient education | High comorbidity burden (9+ diagnoses) - consider multidisciplinary review,Review before discharge; follow-up visit within 7 days; case-manager call,0
146171634,91380573,Respiratory,65,Female,0.68,HIGH,4,2+ inpatient stays in the past year - enrol in care-coordination programme | Diabetes medication dose changed this admission - medication reconciliation and patient education | High comorbidity burden (9+ diagnoses) - consider multidisciplinary review | Prolonged stay (8+ days) - confirm clinical stability before discharge,Review before discharge; follow-up visit within 7 days; case-manager call,0
247656084,39501135,Circulatory,85,Male,0.679,HIGH,4,2+ inpatient stays in the past year - enrol in care-coordination programme | High comorbidity burden (9+ diagnoses) - consider multidisciplinary review | Prolonged stay (8+ days) - confirm clinical stability before discharge | High risk and discharged home - arrange follow-up call within 48-72 hours,Review before discharge; follow-up visit within 7 days; case-manager call,1
58663086,97087860,Respiratory,35,Male,0.679,HIGH,3,2+ inpatient stays in the past year - enrol in care-coordination programme | Diabetes medication dose changed this admission - medication reconciliation and patient education | High risk and discharged home - arrange follow-up call within 48-72 hours,Review before discharge; follow-up visit within 7 days; case-manager call,0
175554618,42941232,Diabetes,75,Male,0.679,HIGH,3,2+ inpatient stays in the past year - enrol in care-coordination programme | Diabetes medication dose changed this admission - medication reconciliation and patient education | High comorbidity burden (9+ diagnoses) - consider multidisciplinary review,Review before discharge; follow-up visit within 7 days; case-manager call,0
277900176,40823298,Respiratory,75,Female,0.679,HIGH,3,2+ inpatient stays in the past year - enrol in care-coordination programme | Diabetes medication dose changed this admission - medication reconciliation and patient education | High comorbidity burden (9+ diagnoses) - consider multidisciplinary review,Review before discharge; follow-up visit within 7 days; case-manager call,0
257372754,103385304,Respiratory,75,Male,0.679,HIGH,2,2+ inpatient stays in the past year - enrol in care-coordination programme | Diabetes medication dose changed this admission - medication reconciliation and patient education,Review before discharge; follow-up visit within 7 days; case-manager call,0
201435840,58889376,Digestive,55,Female,0.679,HIGH,5,2+ inpatient stays in the past year - enrol in care-coordination programme | 2+ emergency visits in the past year - review outpatient access and follow-up plan | High comorbidity burden (9+ diagnoses) - consider multidisciplinary review | Polypharmacy (25+ medications) - pharmacist review | High risk and discharged home - arrange follow-up call within 48-72 hours,Review before discharge; follow-up visit within 7 days; case-manager call,0
75800652,5389533,Diabetes,55,Male,0.678,HIGH,3,2+ inpatient stays in the past year - enrol in care-coordination programme | High comorbidity burden (9+ diagnoses) - consider multidisciplinary review | Prolonged stay (8+ days) - confirm clinical stability before discharge,Review before discharge; follow-up visit within 7 days; case-manager call,0
52009806,23513400,Circulatory,45,Male,0.678,HIGH,3,2+ inpatient stays in the past year - enrol in care-coordination programme | 2+ emergency visits in the past year - review outpatient access and follow-up plan | High risk and discharged home - arrange follow-up call within 48-72 hours,Review before discharge; follow-up visit within 7 days; case-manager call,1
182733480,58404375,Diabetes,85,Female,0.678,HIGH,3,2+ inpatient stays in the past year - enrol in care-coordination programme | Diabetes medication dose changed this admission - medication reconciliation and patient education | High comorbidity burden (9+ diagnoses) - consider multidisciplinary review,Review before discharge; follow-up visit within 7 days; case-manager call,1
202811640,42736122,Other,75,Male,0.678,HIGH,2,2+ inpatient stays in the past year - enrol in care-coordination programme | High comorbidity burden (9+ diagnoses) - consider multidisciplinary review,Review before discharge; follow-up visit within 7 days; case-manager call,0
234857682,47618316,Injury,85,Female,0.677,HIGH,3,2+ inpatient stays in the past year - enrol in care-coordination programme | Diabetes medication dose changed this admission - medication reconciliation and patient education | Polypharmacy (25+ medications) - pharmacist review,Review before discharge; follow-up visit within 7 days; case-manager call,0
74913384,4019355,Other,65,Male,0.677,HIGH,2,2+ inpatient stays in the past year - enrol in care-coordination programme | High risk and discharged home - arrange follow-up call within 48-72 hours,Review before discharge; follow-up visit within 7 days; case-manager call,0
135555162,24224814,Other,85,Female,0.677,HIGH,4,2+ inpatient stays in the past year - enrol in care-coordination programme | 2+ emergency visits in the past year - review outpatient access and follow-up plan | Diabetes medication dose changed this admission - medication reconciliation and patient education | High comorbidity burden (9+ diagnoses) - consider multidisciplinary review,Review before discharge; follow-up visit within 7 days; case-manager call,1
169444686,50730192,Genitourinary,85,Male,0.677,HIGH,3,2+ inpatient stays in the past year - enrol in care-coordination programme | Diabetes medication dose changed this admission - medication reconciliation and patient education | High comorbidity burden (9+ diagnoses) - consider multidisciplinary review,Review before discharge; follow-up visit within 7 days; case-manager call,0
184849968,58404375,Circulatory,85,Female,0.677,HIGH,3,2+ inpatient stays in the past year - enrol in care-coordination programme | Diabetes medication dose changed this admission - medication reconciliation and patient education | High comorbidity burden (9+ diagnoses) - consider multidisciplinary review,Review before discharge; follow-up visit within 7 days; case-manager call,1
107860266,24042303,Circulatory,65,Male,0.676,HIGH,1,2+ inpatient stays in the past year - enrol in care-coordination programme,Review before discharge; follow-up visit within 7 days; case-manager call,1
157153512,65955078,Digestive,75,Male,0.676,HIGH,2,2+ inpatient stays in the past year - enrol in care-coordination programme | High comorbidity burden (9+ diagnoses) - consider multidisciplinary review,Review before discharge; follow-up visit within 7 days; case-manager call,0
142079274,101542644,Other,75,Female,0.676,HIGH,2,2+ inpatient stays in the past year - enrol in care-coordination programme | High comorbidity burden (9+ diagnoses) - consider multidisciplinary review,Review before discharge; follow-up visit within 7 days; case-manager call,0
203175612,42868404,Other,65,Male,0.676,HIGH,3,2+ inpatient stays in the past year - enrol in care-coordination programme | Diabetes medication dose changed this admission - medication reconciliation and patient education | Polypharmacy (25+ medications) - pharmacist review,Review before discharge; follow-up visit within 7 days; case-manager call,0
86155386,751653,Diabetes,35,Female,0.676,HIGH,3,2+ inpatient stays in the past year - enrol in care-coordination programme | Diabetes medication dose changed this admission - medication reconciliation and patient education | High risk and discharged home - arrange follow-up call within 48-72 hours,Review before discharge; follow-up visit within 7 days; case-manager call,1
403797044,41369211,Circulatory,65,Female,0.676,HIGH,3,2+ inpatient stays in the past year - enrol in care-coordination programme | Diabetes medication dose changed this admission - medication reconciliation and patient education | High comorbidity burden (9+ diagnoses) - consider multidisciplinary review,Review before discharge; follow-up visit within 7 days; case-manager call,1
252485718,41285529,Diabetes,85,Female,0.676,HIGH,5,2+ inpatient stays in the past year - enrol in care-coordination programme | 2+ emergency visits in the past year - review outpatient access and follow-up plan | Diabetes medication dose changed this admission - medication reconciliation and patient education | High comorbidity burden (9+ diagnoses) - consider multidisciplinary review | Polypharmacy (25+ medications) - pharmacist review,Review before discharge; follow-up visit within 7 days; case-manager call,0
186744456,88671375,Diabetes,55,Female,0.676,HIGH,1,2+ inpatient stays in the past year - enrol in care-coordination programme,Review before discharge; follow-up visit within 7 days; case-manager call,0
388399442,38112831,Circulatory,85,Female,0.675,HIGH,3,2+ inpatient stays in the past year - enrol in care-coordination programme | Diabetes medication dose changed this admission - medication reconciliation and patient education | High comorbidity burden (9+ diagnoses) - consider multidisciplinary review,Review before discharge; follow-up visit within 7 days; case-manager call,0
439675868,41220999,Respiratory,95,Male,0.675,HIGH,4,2+ inpatient stays in the past year - enrol in care-coordination programme | Diabetes medication dose changed this admission - medication reconciliation and patient education | High comorbidity burden (9+ diagnoses) - consider multidisciplinary review | Prolonged stay (8+ days) - confirm clinical stability before discharge,Review before discharge; follow-up visit within 7 days; case-manager call,1
392052392,38082618,Digestive,75,Male,0.675,HIGH,1,2+ inpatient stays in the past year - enrol in care-coordination programme,Review before discharge; follow-up visit within 7 days; case-manager call,0
180540648,110834019,Neoplasms,85,Female,0.675,HIGH,4,2+ inpatient stays in the past year - enrol in care-coordination programme | 2+ emergency visits in the past year - review outpatient access and follow-up plan | High comorbidity burden (9+ diagnoses) - consider multidisciplinary review | High risk and discharged home - arrange follow-up call within 48-72 hours,Review before discharge; follow-up visit within 7 days; case-manager call,0
3781500,28088019,Neoplasms,45,Female,0.675,HIGH,2,2+ inpatient stays in the past year - enrol in care-coordination programme | High risk and discharged home - arrange follow-up call within 48-72 hours,Review before discharge; follow-up visit within 7 days; case-manager call,0
93034074,48240675,Neoplasms,75,Female,0.674,HIGH,2,2+ inpatient stays in the past year - enrol in care-coordination programme | Diabetes medication dose changed this admission - medication reconciliation and patient education,Review before discharge; follow-up visit within 7 days; case-manager call,0
183735294,104004729,Respiratory,75,Female,0.674,HIGH,3,2+ inpatient stays in the past year - enrol in care-coordination programme | Diabetes medication dose changed this admission - medication reconciliation and patient education | High risk and discharged home - arrange follow-up call within 48-72 hours,Review before discharge; follow-up visit within 7 days; case-manager call,0
222806352,42513462,Digestive,75,Male,0.674,HIGH,2,2+ inpatient stays in the past year - enrol in care-coordination programme | High comorbidity burden (9+ diagnoses) - consider multidisciplinary review,Review before discharge; follow-up visit within 7 days; case-manager call,0
257757342,88785891,Other,25,Female,0.673,HIGH,3,2+ inpatient stays in the past year - enrol in care-coordination programme | 2+ emergency visits in the past year - review outpatient access and follow-up plan | Diabetes medication dose changed this admission - medication reconciliation and patient education,Review before discharge; follow-up visit within 7 days; case-manager call,0
442552658,88227540,Diabetes,45,Female,0.673,HIGH,4,2+ inpatient stays in the past year - enrol in care-coordination programme | 2+ emergency visits in the past year - review outpatient access and follow-up plan | High comorbidity burden (9+ diagnoses) - consider multidisciplinary review | Prolonged stay (8+ days) - confirm clinical stability before discharge,Review before discharge; follow-up visit within 7 days; case-manager call,0
222284964,88533495,Diabetes,45,Male,0.673,HIGH,3,2+ inpatient stays in the past year - enrol in care-coordination programme | Diabetes medication dose changed this admission - medication reconciliation and patient education | High risk and discharged home - arrange follow-up call within 48-72 hours,Review before discharge; follow-up visit within 7 days; case-manager call,1
215649072,90544590,Neoplasms,75,Male,0.673,HIGH,4,"2+ inpatient stays in the past year - enrol in care-coordination programme | HbA1c above 8% - poor glycaemic control, consider treatment review / endocrine follow-up | High comorbidity burden (9+ diagnoses) - consider multidisciplinary review | High risk and discharged home - arrange follow-up call within 48-72 hours",Review before discharge; follow-up visit within 7 days; case-manager call,1
172943292,91202580,Respiratory,75,Female,0.673,HIGH,5,2+ inpatient stays in the past year - enrol in care-coordination programme | Diabetes medication dose changed this admission - medication reconciliation and patient education | High comorbidity burden (9+ diagnoses) - consider multidisciplinary review | Prolonged stay (8+ days) - confirm clinical stability before discharge | Polypharmacy (25+ medications) - pharmacist review,Review before discharge; follow-up visit within 7 days; case-manager call,0
221367114,41194809,Other,75,Male,0.673,HIGH,3,2+ inpatient stays in the past year - enrol in care-coordination programme | Diabetes medication dose changed this admission - medication reconciliation and patient education | High comorbidity burden (9+ diagnoses) - consider multidisciplinary review,Review before discharge; follow-up visit within 7 days; case-manager call,0
39807414,16156494,Diabetes,35,Male,0.672,HIGH,2,2+ inpatient stays in the past year - enrol in care-coordination programme | Diabetes medication dose changed this admission - medication reconciliation and patient education,Review before discharge; follow-up visit within 7 days; case-manager call,0
179539314,91562562,Digestive,65,Male,0.672,HIGH,3,2+ inpatient stays in the past year - enrol in care-coordination programme | Prolonged stay (8+ days) - confirm clinical stability before discharge | High risk and discharged home - arrange follow-up call within 48-72 hours,Review before discharge; follow-up visit within 7 days; case-manager call,1
274787154,97365555,Diabetes,35,Male,0.672,HIGH,5,2+ inpatient stays in the past year - enrol in care-coordination programme | 2+ emergency visits in the past year - review outpatient access and follow-up plan | Diabetes medication dose changed this admission - medication reconciliation and patient education | High comorbidity burden (9+ diagnoses) - consider multidisciplinary review | High risk and discharged home - arrange follow-up call within 48-72 hours,Review before discharge; follow-up visit within 7 days; case-manager call,0
117412446,21749562,Diabetes,25,Female,0.672,HIGH,6,"2+ inpatient stays in the past year - enrol in care-coordination programme | 2+ emergency visits in the past year - review outpatient access and follow-up plan | HbA1c above 8% - poor glycaemic control, consider treatment review / endocrine follow-up | Diabetes medication dose changed this admission - medication reconciliation and patient education | High comorbidity burden (9+ diagnoses) - consider multidisciplinary review | High risk and discharged home - arrange follow-up call within 48-72 hours",Review before discharge; follow-up visit within 7 days; case-manager call,1
147262638,103305528,Other,55,Male,0.672,HIGH,4,2+ inpatient stays in the past year - enrol in care-coordination programme | Diabetes medication dose changed this admission - medication reconciliation and patient education | High comorbidity burden (9+ diagnoses) - consider multidisciplinary review | High risk and discharged home - arrange follow-up call within 48-72 hours,Review before discharge; follow-up visit within 7 days; case-manager call,0
353765624,32906232,Other,55,Female,0.672,HIGH,2,2+ inpatient stays in the past year - enrol in care-coordination programme | High risk and discharged home - arrange follow-up call within 48-72 hours,Review before discharge; follow-up visit within 7 days; case-manager call,1
123336960,104249781,Circulatory,75,Male,0.672,HIGH,4,2+ inpatient stays in the past year - enrol in care-coordination programme | 2+ emergency visits in the past year - review outpatient access and follow-up plan | High comorbidity burden (9+ diagnoses) - consider multidisciplinary review | High risk and discharged home - arrange follow-up call within 48-72 hours,Review before discharge; follow-up visit within 7 days; case-manager call,0
23641788,730935,Circulatory,55,Male,0.672,HIGH,4,2+ inpatient stays in the past year - enrol in care-coordination programme | Diabetes medication dose changed this admission - medication reconciliation and patient education | High comorbidity burden (9+ diagnoses) - consider multidisciplinary review | Prolonged stay (8+ days) - confirm clinical stability before discharge,Review before discharge; follow-up visit within 7 days; case-manager call,0
114294888,2180925,Other,75,Female,0.672,HIGH,2,2+ inpatient stays in the past year - enrol in care-coordination programme | High comorbidity burden (9+ diagnoses) - consider multidisciplinary review,Review before discharge; follow-up visit within 7 days; case-manager call,0
54874638,19797408,Diabetes,55,Male,0.672,HIGH,2,2+ inpatient stays in the past year - enrol in care-coordination programme | Prolonged stay (8+ days) - confirm clinical stability before discharge,Review before discharge; follow-up visit within 7 days; case-manager call,0
49882548,1660293,Digestive,65,Female,0.672,HIGH,4,"2+ inpatient stays in the past year - enrol in care-coordination programme | HbA1c above 8% - poor glycaemic control, consider treatment review / endocrine follow-up | High comorbidity burden (9+ diagnoses) - consider multidisciplinary review | High risk and discharged home - arrange follow-up call within 48-72 hours",Review before discharge; follow-up visit within 7 days; case-manager call,1
90183270,103715253,Respiratory,65,Male,0.672,HIGH,3,"2+ inpatient stays in the past year - enrol in care-coordination programme | 2+ emergency visits in the past year - review outpatient access and follow-up plan | HbA1c above 8% - poor glycaemic control, consider treatment review / endocrine follow-up",Review before discharge; follow-up visit within 7 days; case-manager call,0
201598080,94900770,Circulatory,85,Female,0.671,HIGH,4,2+ inpatient stays in the past year - enrol in care-coordination programme | Diabetes medication dose changed this admission - medication reconciliation and patient education | High comorbidity burden (9+ diagnoses) - consider multidisciplinary review | Polypharmacy (25+ medications) - pharmacist review,Review before discharge; follow-up visit within 7 days; case-manager call,0
200696334,43332093,Other,55,Male,0.671,HIGH,4,2+ inpatient stays in the past year - enrol in care-coordination programme | Diabetes medication dose changed this admission - medication reconciliation and patient education | High comorbidity burden (9+ diagnoses) - consider multidisciplinary review | Prolonged stay (8+ days) - confirm clinical stability before discharge,Review before discharge; follow-up visit within 7 days; case-manager call,1
226704210,106757478,Other,95,Female,0.671,HIGH,3,2+ inpatient stays in the past year - enrol in care-coordination programme | High comorbidity burden (9+ diagnoses) - consider multidisciplinary review | High risk and discharged home - arrange follow-up call within 48-72 hours,Review before discharge; follow-up visit within 7 days; case-manager call,0
262332030,41285529,Other,85,Female,0.671,HIGH,4,2+ inpatient stays in the past year - enrol in care-coordination programme | 2+ emergency visits in the past year - review outpatient access and follow-up plan | Diabetes medication dose changed this admission - medication reconciliation and patient education | High comorbidity burden (9+ diagnoses) - consider multidisciplinary review,Review before discharge; follow-up visit within 7 days; case-manager call,0
117221598,71651205,Other,45,Male,0.671,HIGH,4,2+ inpatient stays in the past year - enrol in care-coordination programme | 2+ emergency visits in the past year - review outpatient access and follow-up plan | High comorbidity burden (9+ diagnoses) - consider multidisciplinary review | High risk and discharged home - arrange follow-up call within 48-72 hours,Review before discharge; follow-up visit within 7 days; case-manager call,0
63609060,13486356,Diabetes,65,Female,0.671,HIGH,3,2+ inpatient stays in the past year - enrol in care-coordination programme | Diabetes medication dose changed this admission - medication reconciliation and patient education | High comorbidity burden (9+ diagnoses) - consider multidisciplinary review,Review before discharge; follow-up visit within 7 days; case-manager call,1
149216898,40930380,Diabetes,35,Male,0.671,HIGH,3,2+ inpatient stays in the past year - enrol in care-coordination programme | Diabetes medication dose changed this admission - medication reconciliation and patient education | High risk and discharged home - arrange follow-up call within 48-72 hours,Review before discharge; follow-up visit within 7 days; case-manager call,0
250958532,43053687,Circulatory,75,Male,0.671,HIGH,2,2+ inpatient stays in the past year - enrol in care-coordination programme | Diabetes medication dose changed this admission - medication reconciliation and patient education,Review before discharge; follow-up visit within 7 days; case-manager call,0
136714278,24401799,Genitourinary,65,Male,0.671,HIGH,4,2+ inpatient stays in the past year - enrol in care-coordination programme | High comorbidity burden (9+ diagnoses) - consider multidisciplinary review | Polypharmacy (25+ medications) - pharmacist review | High risk and discharged home - arrange follow-up call within 48-72 hours,Review before discharge; follow-up visit within 7 days; case-manager call,0
242896974,88838019,Respiratory,35,Female,0.671,HIGH,7,2+ inpatient stays in the past year - enrol in care-coordination programme | 2+ emergency visits in the past year - review outpatient access and follow-up plan | Diabetes medication dose changed this admission - medication reconciliation and patient education | High comorbidity burden (9+ diagnoses) - consider multidisciplinary review | Prolonged stay (8+ days) - confirm clinical stability before discharge | Polypharmacy (25+ medications) - pharmacist review | High risk and discharged home - arrange follow-up call within 48-72 hours,Review before discharge; follow-up visit within 7 days; case-manager call,0
205144704,95504301,Diabetes,55,Female,0.67,HIGH,2,2+ inpatient stays in the past year - enrol in care-coordination programme | High risk and discharged home - arrange follow-up call within 48-72 hours,Review before discharge; follow-up visit within 7 days; case-manager call,1
85074150,381060,Diabetes,55,Female,0.67,HIGH,1,2+ inpatient stays in the past year - enrol in care-coordination programme,Review before discharge; follow-up visit within 7 days; case-manager call,0
155653350,103305528,Injury,55,Male,0.67,HIGH,4,2+ inpatient stays in the past year - enrol in care-coordination programme | Diabetes medication dose changed this admission - medication reconciliation and patient education | High comorbidity burden (9+ diagnoses) - consider multidisciplinary review | High risk and discharged home - arrange follow-up call within 48-72 hours,Review before discharge; follow-up visit within 7 days; case-manager call,1
124484592,82959210,Other,85,Female,0.67,HIGH,3,2+ inpatient stays in the past year - enrol in care-coordination programme | Diabetes medication dose changed this admission - medication reconciliation and patient education | High comorbidity burden (9+ diagnoses) - consider multidisciplinary review,Review before discharge; follow-up visit within 7 days; case-manager call,1
204341568,88844373,Other,35,Female,0.67,HIGH,5,2+ inpatient stays in the past year - enrol in care-coordination programme | 2+ emergency visits in the past year - review outpatient access and follow-up plan | Diabetes medication dose changed this admission - medication reconciliation and patient education | High comorbidity burden (9+ diagnoses) - consider multidisciplinary review | High risk and discharged home - arrange follow-up call within 48-72 hours,Review before discharge; follow-up visit within 7 days; case-manager call,1
201467826,69057063,Other,85,Male,0.67,HIGH,2,2+ inpatient stays in the past year - enrol in care-coordination programme | High comorbidity burden (9+ diagnoses) - consider multidisciplinary review,Review before discharge; follow-up visit within 7 days; case-manager call,1
119918886,24816420,Diabetes,35,Male,0.67,HIGH,3,2+ inpatient stays in the past year - enrol in care-coordination programme | Diabetes medication dose changed this admission - medication reconciliation and patient education | High risk and discharged home - arrange follow-up call within 48-72 hours,Review before discharge; follow-up visit within 7 days; case-manager call,0
92475612,65462139,Respiratory,75,Male,0.669,HIGH,4,2+ inpatient stays in the past year - enrol in care-coordination programme | Diabetes medication dose changed this admission - medication reconciliation and patient education | High comorbidity burden (9+ diagnoses) - consider multidisciplinary review | High risk and discharged home - arrange follow-up call within 48-72 hours,Review before discharge; follow-up visit within 7 days; case-manager call,1
286490688,108442350,Diabetes,15,Female,0.669,HIGH,3,2+ inpatient stays in the past year - enrol in care-coordination programme | 2+ emergency visits in the past year - review outpatient access and follow-up plan | High risk and discharged home - arrange follow-up call within 48-72 hours,Review before discharge; follow-up visit within 7 days; case-manager call,0
215633580,90489195,Circulatory,35,Female,0.669,HIGH,4,2+ inpatient stays in the past year - enrol in care-coordination programme | 2+ emergency visits in the past year - review outpatient access and follow-up plan | Diabetes medication dose changed this admission - medication reconciliation and patient education | High comorbidity burden (9+ diagnoses) - consider multidisciplinary review,Review before discharge; follow-up visit within 7 days; case-manager call,1
98729034,2933910,Diabetes,75,Female,0.669,HIGH,2,2+ inpatient stays in the past year - enrol in care-coordination programme | Prolonged stay (8+ days) - confirm clinical stability before discharge,Review before discharge; follow-up visit within 7 days; case-manager call,0
257253930,97113591,Diabetes,75,Female,0.669,HIGH,4,2+ inpatient stays in the past year - enrol in care-coordination programme | 2+ emergency visits in the past year - review outpatient access and follow-up plan | High comorbidity burden (9+ diagnoses) - consider multidisciplinary review | High risk and discharged home - arrange follow-up call within 48-72 hours,Review before discharge; follow-up visit within 7 days; case-manager call,0
203836332,91976013,Circulatory,85,Female,0.669,HIGH,3,2+ inpatient stays in the past year - enrol in care-coordination programme | High comorbidity burden (9+ diagnoses) - consider multidisciplinary review | High risk and discharged home - arrange follow-up call within 48-72 hours,Review before discharge; follow-up visit within 7 days; case-manager call,0
237227112,41109426,Respiratory,65,Male,0.669,HIGH,2,2+ inpatient stays in the past year - enrol in care-coordination programme | Diabetes medication dose changed this admission - medication reconciliation and patient education,Review before discharge; follow-up visit within 7 days; case-manager call,0
163469796,7967961,Respiratory,75,Female,0.669,HIGH,2,2+ inpatient stays in the past year - enrol in care-coordination programme | High risk and discharged home - arrange follow-up call within 48-72 hours,Review before discharge; follow-up visit within 7 days; case-manager call,0
143804562,42509394,Diabetes,65,Male,0.669,HIGH,2,2+ inpatient stays in the past year - enrol in care-coordination programme | Diabetes medication dose changed this admission - medication reconciliation and patient education,Review before discharge; follow-up visit within 7 days; case-manager call,1
130045272,23571540,Respiratory,55,Female,0.669,HIGH,4,2+ inpatient stays in the past year - enrol in care-coordination programme | Diabetes medication dose changed this admission - medication reconciliation and patient education | Polypharmacy (25+ medications) - pharmacist review | High risk and discharged home - arrange follow-up call within 48-72 hours,Review before discharge; follow-up visit within 7 days; case-manager call,0
128867586,103502160,Respiratory,85,Female,0.669,HIGH,4,2+ inpatient stays in the past year - enrol in care-coordination programme | Diabetes medication dose changed this admission - medication reconciliation and patient education | High comorbidity burden (9+ diagnoses) - consider multidisciplinary review | Polypharmacy (25+ medications) - pharmacist review,Review before discharge; follow-up visit within 7 days; case-manager call,0
23999334,114902703,Circulatory,75,Female,0.668,HIGH,3,2+ inpatient stays in the past year - enrol in care-coordination programme | Prolonged stay (8+ days) - confirm clinical stability before discharge | High risk and discharged home - arrange follow-up call within 48-72 hours,Review before discharge; follow-up visit within 7 days; case-manager call,0
423793322,32906232,Other,55,Female,0.668,HIGH,3,2+ inpatient stays in the past year - enrol in care-coordination programme | High comorbidity burden (9+ diagnoses) - consider multidisciplinary review | High risk and discharged home - arrange follow-up call within 48-72 hours,Review before discharge; follow-up visit within 7 days; case-manager call,0
184148808,58404375,Circulatory,85,Female,0.668,HIGH,3,2+ inpatient stays in the past year - enrol in care-coordination programme | Diabetes medication dose changed this admission - medication reconciliation and patient education | High comorbidity burden (9+ diagnoses) - consider multidisciplinary review,Review before discharge; follow-up visit within 7 days; case-manager call,1
265100100,90489195,Circulatory,35,Female,0.668,HIGH,5,2+ inpatient stays in the past year - enrol in care-coordination programme | 2+ emergency visits in the past year - review outpatient access and follow-up plan | Diabetes medication dose changed this admission - medication reconciliation and patient education | High comorbidity burden (9+ diagnoses) - consider multidisciplinary review | High risk and discharged home - arrange follow-up call within 48-72 hours,Review before discharge; follow-up visit within 7 days; case-manager call,1
280956786,49811742,Injury,55,Female,0.668,HIGH,3,2+ inpatient stays in the past year - enrol in care-coordination programme | Diabetes medication dose changed this admission - medication reconciliation and patient education | High comorbidity burden (9+ diagnoses) - consider multidisciplinary review,Review before discharge; follow-up visit within 7 days; case-manager call,0
256432290,43060509,Circulatory,65,Female,0.668,HIGH,2,2+ inpatient stays in the past year - enrol in care-coordination programme | Diabetes medication dose changed this admission - medication reconciliation and patient education,Review before discharge; follow-up visit within 7 days; case-manager call,0
187497660,84325293,Diabetes,55,Female,0.668,HIGH,3,2+ inpatient stays in the past year - enrol in care-coordination programme | High comorbidity burden (9+ diagnoses) - consider multidisciplinary review | High risk and discharged home - arrange follow-up call within 48-72 hours,Review before discharge; follow-up visit within 7 days; case-manager call,0
64095192,13486356,Other,65,Female,0.668,HIGH,2,2+ inpatient stays in the past year - enrol in care-coordination programme | Diabetes medication dose changed this admission - medication reconciliation and patient education,Review before discharge; follow-up visit within 7 days; case-manager call,0
206199570,114196779,Diabetes,45,Female,0.668,HIGH,2,2+ inpatient stays in the past year - enrol in care-coordination programme | High risk and discharged home - arrange follow-up call within 48-72 hours,Review before discharge; follow-up visit within 7 days; case-manager call,0
275144124,93468942,Other,85,Female,0.668,HIGH,3,2+ inpatient stays in the past year - enrol in care-coordination programme | Diabetes medication dose changed this admission - medication reconciliation and patient education | High comorbidity burden (9+ diagnoses) - consider multidisciplinary review,Review before discharge; follow-up visit within 7 days; case-manager call,0
65944590,4251672,Musculoskeletal,65,Male,0.668,HIGH,3,2+ inpatient stays in the past year - enrol in care-coordination programme | High comorbidity burden (9+ diagnoses) - consider multidisciplinary review | Prolonged stay (8+ days) - confirm clinical stability before discharge,Review before discharge; follow-up visit within 7 days; case-manager call,0
122318334,81102438,Circulatory,75,Male,0.668,HIGH,3,2+ inpatient stays in the past year - enrol in care-coordination programme | High comorbidity burden (9+ diagnoses) - consider multidisciplinary review | High risk and discharged home - arrange follow-up call within 48-72 hours,Review before discharge; follow-up visit within 7 days; case-manager call,0
59180814,417618,Circulatory,75,Male,0.668,HIGH,2,2+ inpatient stays in the past year - enrol in care-coordination programme | High risk and discharged home - arrange follow-up call within 48-72 hours,Review before discharge; follow-up visit within 7 days; case-manager call,1
187610178,85232619,Digestive,55,Female,0.667,HIGH,6,2+ inpatient stays in the past year - enrol in care-coordination programme | Diabetes medication dose changed this admission - medication reconciliation and patient education | High comorbidity burden (9+ diagnoses) - consider multidisciplinary review | Prolonged stay (8+ days) - confirm clinical stability before discharge | Polypharmacy (25+ medications) - pharmacist review | High risk and discharged home - arrange follow-up call within 48-72 hours,Review before discharge; follow-up visit within 7 days; case-manager call,1
191002920,51135039,Other,35,Female,0.667,HIGH,5,"2+ inpatient stays in the past year - enrol in care-coordination programme | HbA1c above 8% - poor glycaemic control, consider treatment review / endocrine follow-up | Diabetes medication dose changed this admission - medication reconciliation and patient education | Prolonged stay (8+ days) - confirm clinical stability before discharge | High risk and discharged home - arrange follow-up call within 48-72 hours",Review before discharge; follow-up visit within 7 days; case-manager call,0
125297988,24401799,Diabetes,65,Male,0.667,HIGH,3,2+ inpatient stays in the past year - enrol in care-coordination programme | Diabetes medication dose changed this admission - medication reconciliation and patient education | High risk and discharged home - arrange follow-up call within 48-72 hours,Review before discharge; follow-up visit within 7 days; case-manager call,0
38066700,302643,Other,45,Female,0.667,HIGH,3,2+ inpatient stays in the past year - enrol in care-coordination programme | High comorbidity burden (9+ diagnoses) - consider multidisciplinary review | High risk and discharged home - arrange follow-up call within 48-72 hours,Review before discharge; follow-up visit within 7 days; case-manager call,0
89459832,23643405,Other,25,Female,0.667,HIGH,5,2+ inpatient stays in the past year - enrol in care-coordination programme | 2+ emergency visits in the past year - review outpatient access and follow-up plan | Diabetes medication dose changed this admission - medication reconciliation and patient education | High comorbidity burden (9+ diagnoses) - consider multidisciplinary review | High risk and discharged home - arrange follow-up call within 48-72 hours,Review before discharge; follow-up visit within 7 days; case-manager call,1
90164646,94960008,Circulatory,65,Female,0.667,HIGH,5,2+ inpatient stays in the past year - enrol in care-coordination programme | Diabetes medication dose changed this admission - medication reconciliation and patient education | High comorbidity burden (9+ diagnoses) - consider multidisciplinary review | Polypharmacy (25+ medications) - pharmacist review | High risk and discharged home - arrange follow-up call within 48-72 hours,Review before discharge; follow-up visit within 7 days; case-manager call,0
186455412,43987347,Diabetes,35,Female,0.667,HIGH,5,2+ inpatient stays in the past year - enrol in care-coordination programme | Diabetes medication dose changed this admission - medication reconciliation and patient education | High comorbidity burden (9+ diagnoses) - consider multidisciplinary review | Prolonged stay (8+ days) - confirm clinical stability before discharge | Polypharmacy (25+ medications) - pharmacist review,Review before discharge; follow-up visit within 7 days; case-manager call,1
213188496,85466628,Respiratory,85,Female,0.667,HIGH,3,2+ inpatient stays in the past year - enrol in care-coordination programme | 2+ emergency visits in the past year - review outpatient access and follow-up plan | High risk and discharged home - arrange follow-up call within 48-72 hours,Review before discharge; follow-up visit within 7 days; case-manager call,0
74450130,1660293,Digestive,65,Female,0.666,HIGH,5,2+ inpatient stays in the past year - enrol in care-coordination programme | Diabetes medication dose changed this admission - medication reconciliation and patient education | High comorbidity burden (9+ diagnoses) - consider multidisciplinary review | Prolonged stay (8+ days) - confirm clinical stability before discharge | Polypharmacy (25+ medications) - pharmacist review,Review before discharge; follow-up visit within 7 days; case-manager call,0
153547410,87707115,Other,75,Male,0.666,HIGH,2,2+ inpatient stays in the past year - enrol in care-coordination programme | High comorbidity burden (9+ diagnoses) - consider multidisciplinary review,Review before discharge; follow-up visit within 7 days; case-manager call,0
302508452,88785891,Diabetes,25,Female,0.666,HIGH,5,"2+ inpatient stays in the past year - enrol in care-coordination programme | 2+ emergency visits in the past year - review outpatient access and follow-up plan | HbA1c above 8% - poor glycaemic control, consider treatment review / endocrine follow-up | Diabetes medication dose changed this admission - medication reconciliation and patient education | High risk and discharged home - arrange follow-up call within 48-72 hours",Review before discharge; follow-up visit within 7 days; case-manager call,1
72831096,2162943,Diabetes,65,Female,0.666,HIGH,1,2+ inpatient stays in the past year - enrol in care-coordination programme,Review before discharge; follow-up visit within 7 days; case-manager call,0
77275104,11305449,Diabetes,85,Female,0.666,HIGH,2,2+ inpatient stays in the past year - enrol in care-coordination programme | Diabetes medication dose changed this admission - medication reconciliation and patient education,Review before discharge; follow-up visit within 7 days; case-manager call,1
73786308,12704715,Other,75,Male,0.666,HIGH,2,2+ inpatient stays in the past year - enrol in care-coordination programme | High comorbidity burden (9+ diagnoses) - consider multidisciplinary review,Review before discharge; follow-up visit within 7 days; case-manager call,0
152435778,108469440,Diabetes,65,Female,0.666,HIGH,1,2+ inpatient stays in the past year - enrol in care-coordination programme,Review before discharge; follow-up visit within 7 days; case-manager call,0
73200696,417618,Respiratory,75,Male,0.666,HIGH,3,2+ inpatient stays in the past year - enrol in care-coordination programme | High comorbidity burden (9+ diagnoses) - consider multidisciplinary review | High risk and discharged home - arrange follow-up call within 48-72 hours,Review before discharge; follow-up visit within 7 days; case-manager call,1
155122542,24401799,Other,65,Male,0.665,HIGH,2,2+ inpatient stays in the past year - enrol in care-coordination programme | High risk and discharged home - arrange follow-up call within 48-72 hours,Review before discharge; follow-up visit within 7 days; case-manager call,0
171511992,38081241,Circulatory,75,Female,0.665,HIGH,3,2+ inpatient stays in the past year - enrol in care-coordination programme | High comorbidity burden (9+ diagnoses) - consider multidisciplinary review | Prolonged stay (8+ days) - confirm clinical stability before discharge,Review before discharge; follow-up visit within 7 days; case-manager call,1
152559768,40878477,Respiratory,75,Male,0.665,HIGH,2,2+ inpatient stays in the past year - enrol in care-coordination programme | High comorbidity burden (9+ diagnoses) - consider multidisciplinary review,Review before discharge; follow-up visit within 7 days; case-manager call,0
242041218,105708420,Other,65,Female,0.665,HIGH,4,2+ inpatient stays in the past year - enrol in care-coordination programme | 2+ emergency visits in the past year - review outpatient access and follow-up plan | Diabetes medication dose changed this admission - medication reconciliation and patient education | High comorbidity burden (9+ diagnoses) - consider multidisciplinary review,Review before discharge; follow-up visit within 7 days; case-manager call,1
69431388,19611765,Digestive,45,Male,0.665,HIGH,4,2+ inpatient stays in the past year - enrol in care-coordination programme | Diabetes medication dose changed this admission - medication reconciliation and patient education | High comorbidity burden (9+ diagnoses) - consider multidisciplinary review | Polypharmacy (25+ medications) - pharmacist review,Review before discharge; follow-up visit within 7 days; case-manager call,0
126238344,55740231,Injury,55,Female,0.665,HIGH,1,2+ inpatient stays in the past year - enrol in care-coordination programme,Review before discharge; follow-up visit within 7 days; case-manager call,0
125433540,77818050,Genitourinary,85,Female,0.665,HIGH,3,2+ inpatient stays in the past year - enrol in care-coordination programme | Diabetes medication dose changed this admission - medication reconciliation and patient education | Prolonged stay (8+ days) - confirm clinical stability before discharge,Review before discharge; follow-up visit within 7 days; case-manager call,0
137245596,88785891,Diabetes,25,Female,0.665,HIGH,3,2+ inpatient stays in the past year - enrol in care-coordination programme | Diabetes medication dose changed this admission - medication reconciliation and patient education | High risk and discharged home - arrange follow-up call within 48-72 hours,Review before discharge; follow-up visit within 7 days; case-manager call,1
259063176,38870253,Diabetes,75,Female,0.665,HIGH,1,2+ inpatient stays in the past year - enrol in care-coordination programme,Review before discharge; follow-up visit within 7 days; case-manager call,0
118985916,63663660,Circulatory,85,Female,0.665,HIGH,3,2+ inpatient stays in the past year - enrol in care-coordination programme | 2+ emergency visits in the past year - review outpatient access and follow-up plan | High risk and discharged home - arrange follow-up call within 48-72 hours,Review before discharge; follow-up visit within 7 days; case-manager call,0
180741318,91945008,Musculoskeletal,55,Female,0.665,HIGH,4,2+ inpatient stays in the past year - enrol in care-coordination programme | Diabetes medication dose changed this admission - medication reconciliation and patient education | High comorbidity burden (9+ diagnoses) - consider multidisciplinary review | Polypharmacy (25+ medications) - pharmacist review,Review before discharge; follow-up visit within 7 days; case-manager call,0
153706128,66776904,Respiratory,75,Female,0.664,HIGH,2,2+ inpatient stays in the past year - enrol in care-coordination programme | High comorbidity burden (9+ diagnoses) - consider multidisciplinary review,Review before discharge; follow-up visit within 7 days; case-manager call,0
156144624,52669341,Digestive,75,Male,0.664,HIGH,5,2+ inpatient stays in the past year - enrol in care-coordination programme | Diabetes medication dose changed this admission - medication reconciliation and patient education | High comorbidity burden (9+ diagnoses) - consider multidisciplinary review | Prolonged stay (8+ days) - confirm clinical stability before discharge | Polypharmacy (25+ medications) - pharmacist review,Review before discharge; follow-up visit within 7 days; case-manager call,1
211953078,38357937,Respiratory,65,Female,0.664,HIGH,3,2+ inpatient stays in the past year - enrol in care-coordination programme | Diabetes medication dose changed this admission - medication reconciliation and patient education | High comorbidity burden (9+ diagnoses) - consider multidisciplinary review,Review before discharge; follow-up visit within 7 days; case-manager call,0
269694612,85888323,Other,55,Male,0.664,HIGH,3,2+ inpatient stays in the past year - enrol in care-coordination programme | Diabetes medication dose changed this admission - medication reconciliation and patient education | High comorbidity burden (9+ diagnoses) - consider multidisciplinary review,Review before discharge; follow-up visit within 7 days; case-manager call,0
129076266,111079098,Digestive,75,Female,0.664,HIGH,1,2+ inpatient stays in the past year - enrol in care-coordination programme,Review before discharge; follow-up visit within 7 days; case-manager call,0
84932964,4595049,Circulatory,55,Male,0.664,HIGH,1,2+ inpatient stays in the past year - enrol in care-coordination programme,Review before discharge; follow-up visit within 7 days; case-manager call,0
346082798,97544574,Diabetes,45,Male,0.664,HIGH,4,"2+ inpatient stays in the past year - enrol in care-coordination programme | HbA1c above 8% - poor glycaemic control, consider treatment review / endocrine follow-up | High comorbidity burden (9+ diagnoses) - consider multidisciplinary review | High risk and discharged home - arrange follow-up call within 48-72 hours",Review before discharge; follow-up visit within 7 days; case-manager call,1
65947338,417618,Digestive,75,Male,0.664,HIGH,2,2+ inpatient stays in the past year - enrol in care-coordination programme | High risk and discharged home - arrange follow-up call within 48-72 hours,Review before discharge; follow-up visit within 7 days; case-manager call,0
229089924,42513462,Digestive,75,Male,0.664,HIGH,2,2+ inpatient stays in the past year - enrol in care-coordination programme | High comorbidity burden (9+ diagnoses) - consider multidisciplinary review,Review before discharge; follow-up visit within 7 days; case-manager call,1
265825806,84549411,Diabetes,45,Male,0.664,HIGH,3,2+ inpatient stays in the past year - enrol in care-coordination programme | 2+ emergency visits in the past year - review outpatient access and follow-up plan | High risk and discharged home - arrange follow-up call within 48-72 hours,Review before discharge; follow-up visit within 7 days; case-manager call,0
104820588,86108004,Diabetes,55,Male,0.664,HIGH,3,2+ inpatient stays in the past year - enrol in care-coordination programme | High comorbidity burden (9+ diagnoses) - consider multidisciplinary review | High risk and discharged home - arrange follow-up call within 48-72 hours,Review before discharge; follow-up visit within 7 days; case-manager call,0
156664362,102669939,Other,55,Male,0.664,HIGH,2,2+ inpatient stays in the past year - enrol in care-coordination programme | Prolonged stay (8+ days) - confirm clinical stability before discharge,Review before discharge; follow-up visit within 7 days; case-manager call,1
55032774,16156494,Diabetes,35,Male,0.664,HIGH,3,"2+ inpatient stays in the past year - enrol in care-coordination programme | HbA1c above 8% - poor glycaemic control, consider treatment review / endocrine follow-up | Diabetes medication dose changed this admission - medication reconciliation and patient education",Review before discharge; follow-up visit within 7 days; case-manager call,0
152188656,88785891,Diabetes,25,Female,0.664,HIGH,2,2+ inpatient stays in the past year - enrol in care-coordination programme | Diabetes medication dose changed this admission - medication reconciliation and patient education,Review before discharge; follow-up visit within 7 days; case-manager call,1
253837188,106757478,Digestive,95,Female,0.664,HIGH,2,2+ inpatient stays in the past year - enrol in care-coordination programme | High risk and discharged home - arrange follow-up call within 48-72 hours,Review before discharge; follow-up visit within 7 days; case-manager call,0
278754252,88838019,Respiratory,35,Female,0.664,HIGH,5,2+ inpatient stays in the past year - enrol in care-coordination programme | 2+ emergency visits in the past year - review outpatient access and follow-up plan | Diabetes medication dose changed this admission - medication reconciliation and patient education | Polypharmacy (25+ medications) - pharmacist review | High risk and discharged home - arrange follow-up call within 48-72 hours,Review before discharge; follow-up visit within 7 days; case-manager call,1
317885060,71782938,Other,65,Male,0.664,HIGH,3,2+ inpatient stays in the past year - enrol in care-coordination programme | Diabetes medication dose changed this admission - medication reconciliation and patient education | High comorbidity burden (9+ diagnoses) - consider multidisciplinary review,Review before discharge; follow-up visit within 7 days; case-manager call,0
28473204,730935,Respiratory,55,Male,0.664,HIGH,5,2+ inpatient stays in the past year - enrol in care-coordination programme | Diabetes medication dose changed this admission - medication reconciliation and patient education | High comorbidity burden (9+ diagnoses) - consider multidisciplinary review | Prolonged stay (8+ days) - confirm clinical stability before discharge | High risk and discharged home - arrange follow-up call within 48-72 hours,Review before discharge; follow-up visit within 7 days; case-manager call,0
33418590,74952,Neoplasms,85,Male,0.664,HIGH,4,2+ inpatient stays in the past year - enrol in care-coordination programme | Diabetes medication dose changed this admission - medication reconciliation and patient education | High comorbidity burden (9+ diagnoses) - consider multidisciplinary review | Prolonged stay (8+ days) - confirm clinical stability before discharge,Review before discharge; follow-up visit within 7 days; case-manager call,0
317902982,42931278,Diabetes,75,Female,0.664,HIGH,1,2+ inpatient stays in the past year - enrol in care-coordination programme,Review before discharge; follow-up visit within 7 days; case-manager call,0
351942104,88844373,Diabetes,35,Female,0.664,HIGH,6,"2+ inpatient stays in the past year - enrol in care-coordination programme | 2+ emergency visits in the past year - review outpatient access and follow-up plan | HbA1c above 8% - poor glycaemic control, consider treatment review / endocrine follow-up | Diabetes medication dose changed this admission - medication reconciliation and patient education | High comorbidity burden (9+ diagnoses) - consider multidisciplinary review | High risk and discharged home - arrange follow-up call within 48-72 hours",Review before discharge; follow-up visit within 7 days; case-manager call,1
124792782,23571540,Digestive,55,Female,0.664,HIGH,3,2+ inpatient stays in the past year - enrol in care-coordination programme | Diabetes medication dose changed this admission - medication reconciliation and patient education | High risk and discharged home - arrange follow-up call within 48-72 hours,Review before discharge; follow-up visit within 7 days; case-manager call,0
81622254,399537,Diabetes,85,Male,0.664,HIGH,3,2+ inpatient stays in the past year - enrol in care-coordination programme | High comorbidity burden (9+ diagnoses) - consider multidisciplinary review | Prolonged stay (8+ days) - confirm clinical stability before discharge,Review before discharge; follow-up visit within 7 days; case-manager call,0
34767012,23503464,Respiratory,75,Male,0.664,HIGH,1,2+ inpatient stays in the past year - enrol in care-coordination programme,Review before discharge; follow-up visit within 7 days; case-manager call,0
247863708,41386581,Respiratory,75,Female,0.664,HIGH,4,2+ inpatient stays in the past year - enrol in care-coordination programme | Diabetes medication dose changed this admission - medication reconciliation and patient education | High comorbidity burden (9+ diagnoses) - consider multidisciplinary review | Polypharmacy (25+ medications) - pharmacist review,Review before discharge; follow-up visit within 7 days; case-manager call,0
9369882,5041602,Other,75,Female,0.663,HIGH,3,2+ inpatient stays in the past year - enrol in care-coordination programme | Diabetes medication dose changed this admission - medication reconciliation and patient education | High comorbidity burden (9+ diagnoses) - consider multidisciplinary review,Review before discharge; follow-up visit within 7 days; case-manager call,0
83869698,24209856,Other,35,Female,0.663,HIGH,2,2+ inpatient stays in the past year - enrol in care-coordination programme | Diabetes medication dose changed this admission - medication reconciliation and patient education,Review before discharge; follow-up visit within 7 days; case-manager call,1
80739300,20335995,Respiratory,85,Female,0.663,HIGH,2,2+ inpatient stays in the past year - enrol in care-coordination programme | High comorbidity burden (9+ diagnoses) - consider multidisciplinary review,Review before discharge; follow-up visit within 7 days; case-manager call,0
213294426,43966593,Other,55,Female,0.663,HIGH,2,2+ inpatient stays in the past year - enrol in care-coordination programme | Diabetes medication dose changed this admission - medication reconciliation and patient education,Review before discharge; follow-up visit within 7 days; case-manager call,0
209249922,104879403,Circulatory,75,Male,0.663,HIGH,3,2+ inpatient stays in the past year - enrol in care-coordination programme | Diabetes medication dose changed this admission - medication reconciliation and patient education | High comorbidity burden (9+ diagnoses) - consider multidisciplinary review,Review before discharge; follow-up visit within 7 days; case-manager call,0
37357788,59874444,Diabetes,25,Female,0.663,HIGH,1,2+ inpatient stays in the past year - enrol in care-coordination programme,Review before discharge; follow-up visit within 7 days; case-manager call,0
160886694,103305528,Injury,55,Male,0.663,HIGH,2,2+ inpatient stays in the past year - enrol in care-coordination programme | High risk and discharged home - arrange follow-up call within 48-72 hours,Review before discharge; follow-up visit within 7 days; case-manager call,0
250050924,43060509,Other,55,Female,0.663,HIGH,4,2+ inpatient stays in the past year - enrol in care-coordination programme | Diabetes medication dose changed this admission - medication reconciliation and patient education | High comorbidity burden (9+ diagnoses) - consider multidisciplinary review | Prolonged stay (8+ days) - confirm clinical stability before discharge,Review before discharge; follow-up visit within 7 days; case-manager call,0
159512118,42941232,Diabetes,75,Male,0.663,HIGH,4,2+ inpatient stays in the past year - enrol in care-coordination programme | Diabetes medication dose changed this admission - medication reconciliation and patient education | High comorbidity burden (9+ diagnoses) - consider multidisciplinary review | Prolonged stay (8+ days) - confirm clinical stability before discharge,Review before discharge; follow-up visit within 7 days; case-manager call,0
394353314,88227540,Diabetes,45,Female,0.663,HIGH,5,2+ inpatient stays in the past year - enrol in care-coordination programme | 2+ emergency visits in the past year - review outpatient access and follow-up plan | Diabetes medication dose changed this admission - medication reconciliation and patient education | High comorbidity burden (9+ diagnoses) - consider multidisciplinary review | High risk and discharged home - arrange follow-up call within 48-72 hours,Review before discharge; follow-up visit within 7 days; case-manager call,1
158802822,38989440,Musculoskeletal,55,Male,0.663,HIGH,5,2+ inpatient stays in the past year - enrol in care-coordination programme | Diabetes medication dose changed this admission - medication reconciliation and patient education | High comorbidity burden (9+ diagnoses) - consider multidisciplinary review | Prolonged stay (8+ days) - confirm clinical stability before discharge | Polypharmacy (25+ medications) - pharmacist review,Review before discharge; follow-up visit within 7 days; case-manager call,0
58980006,16663203,Circulatory,75,Male,0.663,HIGH,2,2+ inpatient stays in the past year - enrol in care-coordination programme | High comorbidity burden (9+ diagnoses) - consider multidisciplinary review,Review before discharge; follow-up visit within 7 days; case-manager call,0
183141498,58085001,Other,65,Male,0.663,HIGH,4,2+ inpatient stays in the past year - enrol in care-coordination programme | Diabetes medication dose changed this admission - medication reconciliation and patient education | High comorbidity burden (9+ diagnoses) - consider multidisciplinary review | Polypharmacy (25+ medications) - pharmacist review,Review before discharge; follow-up visit within 7 days; case-manager call,0
285888726,89463069,Respiratory,65,Male,0.663,HIGH,4,2+ inpatient stays in the past year - enrol in care-coordination programme | Diabetes medication dose changed this admission - medication reconciliation and patient education | High comorbidity burden (9+ diagnoses) - consider multidisciplinary review | High risk and discharged home - arrange follow-up call within 48-72 hours,Review before discharge; follow-up visit within 7 days; case-manager call,0
71559792,85631175,Other,75,Male,0.663,HIGH,2,2+ inpatient stays in the past year - enrol in care-coordination programme | Prolonged stay (8+ days) - confirm clinical stability before discharge,Review before discharge; follow-up visit within 7 days; case-manager call,1
75012030,63997497,Other,45,Male,0.663,HIGH,4,2+ inpatient stays in the past year - enrol in care-coordination programme | Diabetes medication dose changed this admission - medication reconciliation and patient education | High comorbidity burden (9+ diagnoses) - consider multidisciplinary review | High risk and discharged home - arrange follow-up call within 48-72 hours,Review before discharge; follow-up visit within 7 days; case-manager call,0
53643780,23513400,Respiratory,45,Male,0.663,HIGH,5,2+ inpatient stays in the past year - enrol in care-coordination programme | 2+ emergency visits in the past year - review outpatient access and follow-up plan | Diabetes medication dose changed this admission - medication reconciliation and patient education | Polypharmacy (25+ medications) - pharmacist review | High risk and discharged home - arrange follow-up call within 48-72 hours,Review before discharge; follow-up visit within 7 days; case-manager call,0
233403942,86931513,Respiratory,75,Male,0.663,HIGH,3,2+ inpatient stays in the past year - enrol in care-coordination programme | High comorbidity burden (9+ diagnoses) - consider multidisciplinary review | High risk and discharged home - arrange follow-up call within 48-72 hours,Review before discharge; follow-up visit within 7 days; case-manager call,1
69109398,20098287,Diabetes,45,Female,0.662,HIGH,4,2+ inpatient stays in the past year - enrol in care-coordination programme | Diabetes medication dose changed this admission - medication reconciliation and patient education | High comorbidity burden (9+ diagnoses) - consider multidisciplinary review | Prolonged stay (8+ days) - confirm clinical stability before discharge,Review before discharge; follow-up visit within 7 days; case-manager call,0
340125458,97391007,Circulatory,45,Female,0.662,HIGH,3,2+ inpatient stays in the past year - enrol in care-coordination programme | 2+ emergency visits in the past year - review outpatient access and follow-up plan | High risk and discharged home - arrange follow-up call within 48-72 hours,Review before discharge; follow-up visit within 7 days; case-manager call,0
404943614,59637087,Injury,55,Female,0.662,HIGH,3,2+ inpatient stays in the past year - enrol in care-coordination programme | Diabetes medication dose changed this admission - medication reconciliation and patient education | Polypharmacy (25+ medications) - pharmacist review,Review before discharge; follow-up visit within 7 days; case-manager call,0
263393388,86931513,Circulatory,85,Male,0.662,HIGH,3,2+ inpatient stays in the past year - enrol in care-coordination programme | High comorbidity burden (9+ diagnoses) - consider multidisciplinary review | High risk and discharged home - arrange follow-up call within 48-72 hours,Review before discharge; follow-up visit within 7 days; case-manager call,1
267120234,94478211,Other,55,Male,0.662,HIGH,3,2+ inpatient stays in the past year - enrol in care-coordination programme | 2+ emergency visits in the past year - review outpatient access and follow-up plan | High comorbidity burden (9+ diagnoses) - consider multidisciplinary review,Review before discharge; follow-up visit within 7 days; case-manager call,1
340208780,41369211,Circulatory,65,Female,0.662,HIGH,3,2+ inpatient stays in the past year - enrol in care-coordination programme | Diabetes medication dose changed this admission - medication reconciliation and patient education | High risk and discharged home - arrange follow-up call within 48-72 hours,Review before discharge; follow-up visit within 7 days; case-manager call,1
249961302,89956782,Respiratory,75,Male,0.662,HIGH,4,2+ inpatient stays in the past year - enrol in care-coordination programme | 2+ emergency visits in the past year - review outpatient access and follow-up plan | High comorbidity burden (9+ diagnoses) - consider multidisciplinary review | High risk and discharged home - arrange follow-up call within 48-72 hours,Review before discharge; follow-up visit within 7 days; case-manager call,0
162177762,54564291,Injury,85,Male,0.662,HIGH,3,2+ inpatient stays in the past year - enrol in care-coordination programme | Diabetes medication dose changed this admission - medication reconciliation and patient education | High comorbidity burden (9+ diagnoses) - consider multidisciplinary review,Review before discharge; follow-up visit within 7 days; case-manager call,0
433104848,110697390,Other,75,Male,0.662,HIGH,3,2+ inpatient stays in the past year - enrol in care-coordination programme | Diabetes medication dose changed this admission - medication reconciliation and patient education | High comorbidity burden (9+ diagnoses) - consider multidisciplinary review,Review before discharge; follow-up visit within 7 days; case-manager call,0
123111120,94125492,Respiratory,55,Female,0.661,HIGH,2,2+ inpatient stays in the past year - enrol in care-coordination programme | High comorbidity burden (9+ diagnoses) - consider multidisciplinary review,Review before discharge; follow-up visit within 7 days; case-manager call,1
303058886,49811742,Respiratory,55,Female,0.661,HIGH,3,2+ inpatient stays in the past year - enrol in care-coordination programme | Diabetes medication dose changed this admission - medication reconciliation and patient education | High comorbidity burden (9+ diagnoses) - consider multidisciplinary review,Review before discharge; follow-up visit within 7 days; case-manager call,0
262371330,85061286,Respiratory,55,Male,0.661,HIGH,2,2+ inpatient stays in the past year - enrol in care-coordination programme | High comorbidity burden (9+ diagnoses) - consider multidisciplinary review,Review before discharge; follow-up visit within 7 days; case-manager call,0
77294124,113545764,Other,75,Male,0.661,HIGH,2,2+ inpatient stays in the past year - enrol in care-coordination programme | Diabetes medication dose changed this admission - medication reconciliation and patient education,Review before discharge; follow-up visit within 7 days; case-manager call,1
221799588,90725112,Injury,75,Female,0.661,HIGH,5,2+ inpatient stays in the past year - enrol in care-coordination programme | 2+ emergency visits in the past year - review outpatient access and follow-up plan | Diabetes medication dose changed this admission - medication reconciliation and patient education | High comorbidity burden (9+ diagnoses) - consider multidisciplinary review | Polypharmacy (25+ medications) - pharmacist review,Review before discharge; follow-up visit within 7 days; case-manager call,0
224706660,43987347,Injury,35,Female,0.661,HIGH,4,2+ inpatient stays in the past year - enrol in care-coordination programme | Diabetes medication dose changed this admission - medication reconciliation and patient education | High comorbidity burden (9+ diagnoses) - consider multidisciplinary review | Prolonged stay (8+ days) - confirm clinical stability before discharge,Review before discharge; follow-up visit within 7 days; case-manager call,1
24308466,428733,Circulatory,75,Male,0.661,HIGH,2,2+ inpatient stays in the past year - enrol in care-coordination programme | High comorbidity burden (9+ diagnoses) - consider multidisciplinary review,Review before discharge; follow-up visit within 7 days; case-manager call,0
60152400,4251672,Circulatory,65,Male,0.661,HIGH,2,2+ inpatient stays in the past year - enrol in care-coordination programme | High risk and discharged home - arrange follow-up call within 48-72 hours,Review before discharge; follow-up visit within 7 days; case-manager call,0
154537608,23272101,Circulatory,55,Female,0.661,HIGH,6,2+ inpatient stays in the past year - enrol in care-coordination programme | 2+ emergency visits in the past year - review outpatient access and follow-up plan | Diabetes medication dose changed this admission - medication reconciliation and patient education | High comorbidity burden (9+ diagnoses) - consider multidisciplinary review | Polypharmacy (25+ medications) - pharmacist review | High risk and discharged home - arrange follow-up call within 48-72 hours,Review before discharge; follow-up visit within 7 days; case-manager call,0
199232466,76841973,Circulatory,85,Female,0.661,HIGH,3,2+ inpatient stays in the past year - enrol in care-coordination programme | Diabetes medication dose changed this admission - medication reconciliation and patient education | High comorbidity burden (9+ diagnoses) - consider multidisciplinary review,Review before discharge; follow-up visit within 7 days; case-manager call,1
101711082,24223716,Circulatory,85,Female,0.661,HIGH,4,2+ inpatient stays in the past year - enrol in care-coordination programme | 2+ emergency visits in the past year - review outpatient access and follow-up plan | Diabetes medication dose changed this admission - medication reconciliation and patient education | High comorbidity burden (9+ diagnoses) - consider multidisciplinary review,Review before discharge; follow-up visit within 7 days; case-manager call,0
214090476,95494239,Respiratory,75,Female,0.661,HIGH,4,2+ inpatient stays in the past year - enrol in care-coordination programme | Diabetes medication dose changed this admission - medication reconciliation and patient education | High comorbidity burden (9+ diagnoses) - consider multidisciplinary review | Polypharmacy (25+ medications) - pharmacist review,Review before discharge; follow-up visit within 7 days; case-manager call,0
110272134,105903873,Genitourinary,85,Female,0.661,HIGH,3,2+ inpatient stays in the past year - enrol in care-coordination programme | High comorbidity burden (9+ diagnoses) - consider multidisciplinary review | Prolonged stay (8+ days) - confirm clinical stability before discharge,Review before discharge; follow-up visit within 7 days; case-manager call,1
167558052,70680132,Other,85,Female,0.661,HIGH,2,2+ inpatient stays in the past year - enrol in care-coordination programme | High comorbidity burden (9+ diagnoses) - consider multidisciplinary review,Review before discharge; follow-up visit within 7 days; case-manager call,0
260487114,90050157,Diabetes,55,Female,0.661,HIGH,2,2+ inpatient stays in the past year - enrol in care-coordination programme | High comorbidity burden (9+ diagnoses) - consider multidisciplinary review,Review before discharge; follow-up visit within 7 days; case-manager call,0
212658156,84562623,Circulatory,75,Female,0.661,HIGH,3,2+ inpatient stays in the past year - enrol in care-coordination programme | 2+ emergency visits in the past year - review outpatient access and follow-up plan | High comorbidity burden (9+ diagnoses) - consider multidisciplinary review,Review before discharge; follow-up visit within 7 days; case-manager call,0
194627958,85067748,Other,55,Female,0.661,HIGH,2,2+ inpatient stays in the past year - enrol in care-coordination programme | High risk and discharged home - arrange follow-up call within 48-72 hours,Review before discharge; follow-up visit within 7 days; case-manager call,0
156921210,23571540,Circulatory,55,Female,0.661,HIGH,6,2+ inpatient stays in the past year - enrol in care-coordination programme | 2+ emergency visits in the past year - review outpatient access and follow-up plan | Diabetes medication dose changed this admission - medication reconciliation and patient education | Prolonged stay (8+ days) - confirm clinical stability before discharge | Polypharmacy (25+ medications) - pharmacist review | High risk and discharged home - arrange follow-up call within 48-72 hours,Review before discharge; follow-up visit within 7 days; case-manager call,0
409130444,38082618,Digestive,75,Male,0.661,HIGH,3,2+ inpatient stays in the past year - enrol in care-coordination programme | High comorbidity burden (9+ diagnoses) - consider multidisciplinary review | High risk and discharged home - arrange follow-up call within 48-72 hours,Review before discharge; follow-up visit within 7 days; case-manager call,1
289962138,102342240,Diabetes,45,Male,0.66,HIGH,4,2+ inpatient stays in the past year - enrol in care-coordination programme | Diabetes medication dose changed this admission - medication reconciliation and patient education | High comorbidity burden (9+ diagnoses) - consider multidisciplinary review | High risk and discharged home - arrange follow-up call within 48-72 hours,Review before discharge; follow-up visit within 7 days; case-manager call,0
221372112,86870088,Digestive,45,Female,0.66,HIGH,4,2+ inpatient stays in the past year - enrol in care-coordination programme | High comorbidity burden (9+ diagnoses) - consider multidisciplinary review | Polypharmacy (25+ medications) - pharmacist review | High risk and discharged home - arrange follow-up call within 48-72 hours,Review before discharge; follow-up visit within 7 days; case-manager call,0
55665576,12704715,Circulatory,75,Male,0.66,HIGH,2,2+ inpatient stays in the past year - enrol in care-coordination programme | High comorbidity burden (9+ diagnoses) - consider multidisciplinary review,Review before discharge; follow-up visit within 7 days; case-manager call,0
175420812,91562562,Respiratory,65,Male,0.66,HIGH,5,2+ inpatient stays in the past year - enrol in care-coordination programme | Diabetes medication dose changed this admission - medication reconciliation and patient education | High comorbidity burden (9+ diagnoses) - consider multidisciplinary review | Prolonged stay (8+ days) - confirm clinical stability before discharge | High risk and discharged home - arrange follow-up call within 48-72 hours,Review before discharge; follow-up visit within 7 days; case-manager call,0
248871984,43060509,Circulatory,55,Female,0.66,HIGH,4,2+ inpatient stays in the past year - enrol in care-coordination programme | Diabetes medication dose changed this admission - medication reconciliation and patient education | High comorbidity burden (9+ diagnoses) - consider multidisciplinary review | Polypharmacy (25+ medications) - pharmacist review,Review before discharge; follow-up visit within 7 days; case-manager call,1
256380012,88681950,Genitourinary,55,Female,0.66,HIGH,4,2+ inpatient stays in the past year - enrol in care-coordination programme | 2+ emergency visits in the past year - review outpatient access and follow-up plan | High comorbidity burden (9+ diagnoses) - consider multidisciplinary review | High risk and discharged home - arrange follow-up call within 48-72 hours,Review before discharge; follow-up visit within 7 days; case-manager call,0
245233908,84849129,Injury,75,Female,0.66,HIGH,3,2+ inpatient stays in the past year - enrol in care-coordination programme | High comorbidity burden (9+ diagnoses) - consider multidisciplinary review | Polypharmacy (25+ medications) - pharmacist review,Review before discharge; follow-up visit within 7 days; case-manager call,0
160833576,68684724,Diabetes,45,Female,0.66,HIGH,3,2+ inpatient stays in the past year - enrol in care-coordination programme | High comorbidity burden (9+ diagnoses) - consider multidisciplinary review | High risk and discharged home - arrange follow-up call within 48-72 hours,Review before discharge; follow-up visit within 7 days; case-manager call,0
36030504,1660293,Digestive,65,Female,0.66,HIGH,5,"2+ inpatient stays in the past year - enrol in care-coordination programme | HbA1c above 8% - poor glycaemic control, consider treatment review / endocrine follow-up | High comorbidity burden (9+ diagnoses) - consider multidisciplinary review | Polypharmacy (25+ medications) - pharmacist review | High risk and discharged home - arrange follow-up call within 48-72 hours",Review before discharge; follow-up visit within 7 days; case-manager call,1
203636346,43578081,Other,65,Male,0.66,HIGH,2,2+ inpatient stays in the past year - enrol in care-coordination programme | High risk and discharged home - arrange follow-up call within 48-72 hours,Review before discharge; follow-up visit within 7 days; case-manager call,0
57200112,23772546,Circulatory,85,Female,0.66,HIGH,1,2+ inpatient stays in the past year - enrol in care-coordination programme,Review before discharge; follow-up visit within 7 days; case-manager call,0
168437028,40894128,Other,65,Female,0.659,HIGH,4,2+ inpatient stays in the past year - enrol in care-coordination programme | Diabetes medication dose changed this admission - medication reconciliation and patient education | High comorbidity burden (9+ diagnoses) - consider multidisciplinary review | Prolonged stay (8+ days) - confirm clinical stability before discharge,Review before discharge; follow-up visit within 7 days; case-manager call,0
265892172,97365555,Diabetes,35,Male,0.659,HIGH,4,2+ inpatient stays in the past year - enrol in care-coordination programme | 2+ emergency visits in the past year - review outpatient access and follow-up plan | Diabetes medication dose changed this admission - medication reconciliation and patient education | High risk and discharged home - arrange follow-up call within 48-72 hours,Review before discharge; follow-up visit within 7 days; case-manager call,0
127641390,73442583,Respiratory,75,Male,0.659,HIGH,1,2+ inpatient stays in the past year - enrol in care-coordination programme,Review before discharge; follow-up visit within 7 days; case-manager call,0
54381618,100649880,Diabetes,65,Male,0.659,HIGH,2,2+ inpatient stays in the past year - enrol in care-coordination programme | High comorbidity burden (9+ diagnoses) - consider multidisciplinary review,Review before discharge; follow-up visit within 7 days; case-manager call,0
37761462,13041,Other,65,Female,0.659,HIGH,5,2+ inpatient stays in the past year - enrol in care-coordination programme | Diabetes medication dose changed this admission - medication reconciliation and patient education | High comorbidity burden (9+ diagnoses) - consider multidisciplinary review | Polypharmacy (25+ medications) - pharmacist review | High risk and discharged home - arrange follow-up call within 48-72 hours,Review before discharge; follow-up visit within 7 days; case-manager call,0
27869982,67284,Circulatory,65,Female,0.659,HIGH,4,2+ inpatient stays in the past year - enrol in care-coordination programme | High comorbidity burden (9+ diagnoses) - consider multidisciplinary review | Prolonged stay (8+ days) - confirm clinical stability before discharge | Polypharmacy (25+ medications) - pharmacist review,Review before discharge; follow-up visit within 7 days; case-manager call,1
171032844,42163416,Other,85,Male,0.659,HIGH,3,2+ inpatient stays in the past year - enrol in care-coordination programme | 2+ emergency visits in the past year - review outpatient access and follow-up plan | Diabetes medication dose changed this admission - medication reconciliation and patient education,Review before discharge; follow-up visit within 7 days; case-manager call,0
240196068,41386581,Genitourinary,75,Female,0.659,HIGH,2,2+ inpatient stays in the past year - enrol in care-coordination programme | Diabetes medication dose changed this admission - medication reconciliation and patient education,Review before discharge; follow-up visit within 7 days; case-manager call,0
61549194,5209488,Respiratory,75,Female,0.659,HIGH,2,2+ inpatient stays in the past year - enrol in care-coordination programme | High comorbidity burden (9+ diagnoses) - consider multidisciplinary review,Review before discharge; follow-up visit within 7 days; case-manager call,1
210065916,84562623,Circulatory,75,Female,0.659,HIGH,3,2+ inpatient stays in the past year - enrol in care-coordination programme | 2+ emergency visits in the past year - review outpatient access and follow-up plan | High comorbidity burden (9+ diagnoses) - consider multidisciplinary review,Review before discharge; follow-up visit within 7 days; case-manager call,1
165397674,50841189,Other,85,Female,0.659,HIGH,4,2+ inpatient stays in the past year - enrol in care-coordination programme | 2+ emergency visits in the past year - review outpatient access and follow-up plan | High comorbidity burden (9+ diagnoses) - consider multidisciplinary review | Prolonged stay (8+ days) - confirm clinical stability before discharge,Review before discharge; follow-up visit within 7 days; case-manager call,0
56698068,4571757,Diabetes,45,Male,0.659,HIGH,4,"2+ inpatient stays in the past year - enrol in care-coordination programme | HbA1c above 8% - poor glycaemic control, consider treatment review / endocrine follow-up | Diabetes medication dose changed this admission - medication reconciliation and patient education | High comorbidity burden (9+ diagnoses) - consider multidisciplinary review",Review before discharge; follow-up visit within 7 days; case-manager call,0
365505062,89710911,Respiratory,75,Female,0.659,HIGH,4,2+ inpatient stays in the past year - enrol in care-coordination programme | Diabetes medication dose changed this admission - medication reconciliation and patient education | High comorbidity burden (9+ diagnoses) - consider multidisciplinary review | Polypharmacy (25+ medications) - pharmacist review,Review before discharge; follow-up visit within 7 days; case-manager call,1
362559380,85061286,Circulatory,55,Male,0.659,HIGH,3,2+ inpatient stays in the past year - enrol in care-coordination programme | Diabetes medication dose changed this admission - medication reconciliation and patient education | High comorbidity burden (9+ diagnoses) - consider multidisciplinary review,Review before discharge; follow-up visit within 7 days; case-manager call,0
381396746,39501135,Circulatory,85,Male,0.659,HIGH,3,2+ inpatient stays in the past year - enrol in care-coordination programme | High comorbidity burden (9+ diagnoses) - consider multidisciplinary review | High risk and discharged home - arrange follow-up call within 48-72 hours,Review before discharge; follow-up visit within 7 days; case-manager call,0
370884854,91690308,Respiratory,85,Female,0.659,HIGH,4,2+ inpatient stays in the past year - enrol in care-coordination programme | 2+ emergency visits in the past year - review outpatient access and follow-up plan | Diabetes medication dose changed this admission - medication reconciliation and patient education | High risk and discharged home - arrange follow-up call within 48-72 hours,Review before discharge; follow-up visit within 7 days; case-manager call,1
327856532,41006700,Circulatory,75,Male,0.659,HIGH,3,2+ inpatient stays in the past year - enrol in care-coordination programme | High comorbidity burden (9+ diagnoses) - consider multidisciplinary review | Polypharmacy (25+ medications) - pharmacist review,Review before discharge; follow-up visit within 7 days; case-manager call,0
208006572,115009740,Circulatory,45,Male,0.659,HIGH,4,2+ inpatient stays in the past year - enrol in care-coordination programme | High comorbidity burden (9+ diagnoses) - consider multidisciplinary review | Polypharmacy (25+ medications) - pharmacist review | High risk and discharged home - arrange follow-up call within 48-72 hours,Review before discharge; follow-up visit within 7 days; case-manager call,0
111704790,23190084,Digestive,45,Female,0.659,HIGH,2,2+ inpatient stays in the past year - enrol in care-coordination programme | High risk and discharged home - arrange follow-up call within 48-72 hours,Review before discharge; follow-up visit within 7 days; case-manager call,0
59200764,14396328,Circulatory,65,Female,0.659,HIGH,2,2+ inpatient stays in the past year - enrol in care-coordination programme | High comorbidity burden (9+ diagnoses) - consider multidisciplinary review,Review before discharge; follow-up visit within 7 days; case-manager call,0
354886736,33896214,Circulatory,75,Male,0.659,HIGH,3,2+ inpatient stays in the past year - enrol in care-coordination programme | High comorbidity burden (9+ diagnoses) - consider multidisciplinary review | High risk and discharged home - arrange follow-up call within 48-72 hours,Review before discharge; follow-up visit within 7 days; case-manager call,1
188877378,87889734,Other,45,Female,0.659,HIGH,5,2+ inpatient stays in the past year - enrol in care-coordination programme | Diabetes medication dose changed this admission - medication reconciliation and patient education | High comorbidity burden (9+ diagnoses) - consider multidisciplinary review | Prolonged stay (8+ days) - confirm clinical stability before discharge | High risk and discharged home - arrange follow-up call within 48-72 hours,Review before discharge; follow-up visit within 7 days; case-manager call,0
207961638,50313978,Circulatory,75,Male,0.659,HIGH,3,2+ inpatient stays in the past year - enrol in care-coordination programme | High comorbidity burden (9+ diagnoses) - consider multidisciplinary review | High risk and discharged home - arrange follow-up call within 48-72 hours,Review before discharge; follow-up visit within 7 days; case-manager call,1
352512380,41348178,Musculoskeletal,75,Male,0.658,HIGH,5,2+ inpatient stays in the past year - enrol in care-coordination programme | Diabetes medication dose changed this admission - medication reconciliation and patient education | High comorbidity burden (9+ diagnoses) - consider multidisciplinary review | Prolonged stay (8+ days) - confirm clinical stability before discharge | Polypharmacy (25+ medications) - pharmacist review,Review before discharge; follow-up visit within 7 days; case-manager call,1
137522910,108956583,Digestive,35,Male,0.658,HIGH,2,2+ inpatient stays in the past year - enrol in care-coordination programme | High risk and discharged home - arrange follow-up call within 48-72 hours,Review before discharge; follow-up visit within 7 days; case-manager call,0
258156234,88838019,Respiratory,35,Female,0.658,HIGH,4,2+ inpatient stays in the past year - enrol in care-coordination programme | 2+ emergency visits in the past year - review outpatient access and follow-up plan | Diabetes medication dose changed this admission - medication reconciliation and patient education | High comorbidity burden (9+ diagnoses) - consider multidisciplinary review,Review before discharge; follow-up visit within 7 days; case-manager call,0
78959946,54172854,Respiratory,75,Male,0.658,HIGH,4,2+ inpatient stays in the past year - enrol in care-coordination programme | High comorbidity burden (9+ diagnoses) - consider multidisciplinary review | Prolonged stay (8+ days) - confirm clinical stability before discharge | Polypharmacy (25+ medications) - pharmacist review,Review before discharge; follow-up visit within 7 days; case-manager call,0
72697614,20098287,Digestive,45,Female,0.658,HIGH,1,2+ inpatient stays in the past year - enrol in care-coordination programme,Review before discharge; follow-up visit within 7 days; case-manager call,0
93224682,2465397,Diabetes,25,Male,0.658,HIGH,2,2+ inpatient stays in the past year - enrol in care-coordination programme | High risk and discharged home - arrange follow-up call within 48-72 hours,Review before discharge; follow-up visit within 7 days; case-manager call,1
98142762,23923377,Other,65,Female,0.658,HIGH,3,2+ inpatient stays in the past year - enrol in care-coordination programme | High comorbidity burden (9+ diagnoses) - consider multidisciplinary review | High risk and discharged home - arrange follow-up call within 48-72 hours,Review before discharge; follow-up visit within 7 days; case-manager call,0
353135090,89308323,Neoplasms,75,Female,0.658,HIGH,3,2+ inpatient stays in the past year - enrol in care-coordination programme | 2+ emergency visits in the past year - review outpatient access and follow-up plan | High comorbidity burden (9+ diagnoses) - consider multidisciplinary review,Review before discharge; follow-up visit within 7 days; case-manager call,0
373831274,106757478,Genitourinary,95,Female,0.658,HIGH,1,2+ inpatient stays in the past year - enrol in care-coordination programme,Review before discharge; follow-up visit within 7 days; case-manager call,0
430791092,94341708,Diabetes,85,Male,0.657,HIGH,3,2+ inpatient stays in the past year - enrol in care-coordination programme | Diabetes medication dose changed this admission - medication reconciliation and patient education | High comorbidity burden (9+ diagnoses) - consider multidisciplinary review,Review before discharge; follow-up visit within 7 days; case-manager call,0
166572726,91202580,Respiratory,75,Female,0.657,HIGH,4,2+ inpatient stays in the past year - enrol in care-coordination programme | Diabetes medication dose changed this admission - medication reconciliation and patient education | High comorbidity burden (9+ diagnoses) - consider multidisciplinary review | Polypharmacy (25+ medications) - pharmacist review,Review before discharge; follow-up visit within 7 days; case-manager call,0
166691208,93706389,Respiratory,65,Male,0.657,HIGH,3,2+ inpatient stays in the past year - enrol in care-coordination programme | High comorbidity burden (9+ diagnoses) - consider multidisciplinary review | High risk and discharged home - arrange follow-up call within 48-72 hours,Review before discharge; follow-up visit within 7 days; case-manager call,0
83983512,20335995,Other,85,Female,0.657,HIGH,2,2+ inpatient stays in the past year - enrol in care-coordination programme | High comorbidity burden (9+ diagnoses) - consider multidisciplinary review,Review before discharge; follow-up visit within 7 days; case-manager call,0
273898080,41026473,Circulatory,55,Male,0.657,HIGH,3,2+ inpatient stays in the past year - enrol in care-coordination programme | Diabetes medication dose changed this admission - medication reconciliation and patient education | High comorbidity burden (9+ diagnoses) - consider multidisciplinary review,Review before discharge; follow-up visit within 7 days; case-manager call,0
62052918,5209488,Circulatory,75,Female,0.657,HIGH,3,2+ inpatient stays in the past year - enrol in care-coordination programme | High comorbidity burden (9+ diagnoses) - consider multidisciplinary review | Polypharmacy (25+ medications) - pharmacist review,Review before discharge; follow-up visit within 7 days; case-manager call,0
204679362,90049221,Respiratory,75,Male,0.657,HIGH,5,2+ inpatient stays in the past year - enrol in care-coordination programme | 2+ emergency visits in the past year - review outpatient access and follow-up plan | Diabetes medication dose changed this admission - medication reconciliation and patient education | High comorbidity burden (9+ diagnoses) - consider multidisciplinary review | High risk and discharged home - arrange follow-up call within 48-72 hours,Review before discharge; follow-up visit within 7 days; case-manager call,0
14824488,70269183,Circulatory,65,Female,0.657,HIGH,3,2+ inpatient stays in the past year - enrol in care-coordination programme | Diabetes medication dose changed this admission - medication reconciliation and patient education | High risk and discharged home - arrange follow-up call within 48-72 hours,Review before discharge; follow-up visit within 7 days; case-manager call,0
208992156,57902751,Diabetes,55,Female,0.657,HIGH,3,2+ inpatient stays in the past year - enrol in care-coordination programme | High comorbidity burden (9+ diagnoses) - consider multidisciplinary review | High risk and discharged home - arrange follow-up call within 48-72 hours,Review before discharge; follow-up visit within 7 days; case-manager call,1
52808304,3009978,Other,55,Male,0.657,HIGH,2,2+ inpatient stays in the past year - enrol in care-coordination programme | High comorbidity burden (9+ diagnoses) - consider multidisciplinary review,Review before discharge; follow-up visit within 7 days; case-manager call,0
77004966,4821291,Circulatory,65,Female,0.657,HIGH,4,2+ inpatient stays in the past year - enrol in care-coordination programme | Diabetes medication dose changed this admission - medication reconciliation and patient education | High comorbidity burden (9+ diagnoses) - consider multidisciplinary review | Prolonged stay (8+ days) - confirm clinical stability before discharge,Review before discharge; follow-up visit within 7 days; case-manager call,0
207213234,88533495,Diabetes,45,Male,0.657,HIGH,4,2+ inpatient stays in the past year - enrol in care-coordination programme | Diabetes medication dose changed this admission - medication reconciliation and patient education | High comorbidity burden (9+ diagnoses) - consider multidisciplinary review | High risk and discharged home - arrange follow-up call within 48-72 hours,Review before discharge; follow-up visit within 7 days; case-manager call,0
239127900,88533495,Diabetes,45,Male,0.657,HIGH,3,2+ inpatient stays in the past year - enrol in care-coordination programme | Diabetes medication dose changed this admission - medication reconciliation and patient education | High comorbidity burden (9+ diagnoses) - consider multidisciplinary review,Review before discharge; follow-up visit within 7 days; case-manager call,0
236436780,101191707,Circulatory,85,Female,0.657,HIGH,3,2+ inpatient stays in the past year - enrol in care-coordination programme | 2+ emergency visits in the past year - review outpatient access and follow-up plan | High comorbidity burden (9+ diagnoses) - consider multidisciplinary review,Review before discharge; follow-up visit within 7 days; case-manager call,1
77347752,6516927,Diabetes,65,Male,0.657,HIGH,2,2+ inpatient stays in the past year - enrol in care-coordination programme | High comorbidity burden (9+ diagnoses) - consider multidisciplinary review,Review before discharge; follow-up visit within 7 days; case-manager call,0
79130232,20335995,Other,85,Female,0.657,HIGH,2,2+ inpatient stays in the past year - enrol in care-coordination programme | High comorbidity burden (9+ diagnoses) - consider multidisciplinary review,Review before discharge; follow-up visit within 7 days; case-manager call,1
269967354,88533495,Respiratory,45,Male,0.656,HIGH,4,2+ inpatient stays in the past year - enrol in care-coordination programme | Diabetes medication dose changed this admission - medication reconciliation and patient education | High comorbidity burden (9+ diagnoses) - consider multidisciplinary review | High risk and discharged home - arrange follow-up call within 48-72 hours,Review before discharge; follow-up visit within 7 days; case-manager call,0
197029140,51521940,Other,85,Male,0.656,HIGH,2,2+ inpatient stays in the past year - enrol in care-coordination programme | High comorbidity burden (9+ diagnoses) - consider multidisciplinary review,Review before discharge; follow-up visit within 7 days; case-manager call,1
168621030,67626414,Other,85,Female,0.656,HIGH,4,2+ inpatient stays in the past year - enrol in care-coordination programme | Diabetes medication dose changed this admission - medication reconciliation and patient education | High comorbidity burden (9+ diagnoses) - consider multidisciplinary review | Polypharmacy (25+ medications) - pharmacist review,Review before discharge; follow-up visit within 7 days; case-manager call,1
150986298,88785891,Other,25,Female,0.656,HIGH,3,2+ inpatient stays in the past year - enrol in care-coordination programme | Diabetes medication dose changed this admission - medication reconciliation and patient education | High risk and discharged home - arrange follow-up call within 48-72 hours,Review before discharge; follow-up visit within 7 days; case-manager call,1
158062488,110753829,Injury,65,Female,0.656,HIGH,3,2+ inpatient stays in the past year - enrol in care-coordination programme | High comorbidity burden (9+ diagnoses) - consider multidisciplinary review | Prolonged stay (8+ days) - confirm clinical stability before discharge,Review before discharge; follow-up visit within 7 days; case-manager call,0
269523120,73281510,Diabetes,55,Female,0.656,HIGH,2,2+ inpatient stays in the past year - enrol in care-coordination programme | High comorbidity burden (9+ diagnoses) - consider multidisciplinary review,Review before discharge; follow-up visit within 7 days; case-manager call,1
78536046,72671157,Respiratory,55,Female,0.656,HIGH,3,2+ inpatient stays in the past year - enrol in care-coordination programme | Prolonged stay (8+ days) - confirm clinical stability before discharge | High risk and discharged home - arrange follow-up call within 48-72 hours,Review before discharge; follow-up visit within 7 days; case-manager call,0
175071228,57617154,Respiratory,75,Male,0.656,HIGH,3,2+ inpatient stays in the past year - enrol in care-coordination programme | Diabetes medication dose changed this admission - medication reconciliation and patient education | High comorbidity burden (9+ diagnoses) - consider multidisciplinary review,Review before discharge; follow-up visit within 7 days; case-manager call,0
174620724,41659506,Diabetes,65,Male,0.656,HIGH,1,Diabetes medication dose changed this admission - medication reconciliation and patient education,Review before discharge; follow-up visit within 7 days; case-manager call,0
174433320,43653150,Diabetes,55,Male,0.656,HIGH,1,Diabetes medication dose changed this admission - medication reconciliation and patient education,Review before discharge; follow-up visit within 7 days; case-manager call,1
148876968,91348722,Respiratory,45,Female,0.656,HIGH,4,2+ inpatient stays in the past year - enrol in care-coordination programme | Diabetes medication dose changed this admission - medication reconciliation and patient education | High comorbidity burden (9+ diagnoses) - consider multidisciplinary review | High risk and discharged home - arrange follow-up call within 48-72 hours,Review before discharge; follow-up visit within 7 days; case-manager call,0
147687504,41641776,Circulatory,75,Male,0.656,HIGH,2,2+ inpatient stays in the past year - enrol in care-coordination programme | High comorbidity burden (9+ diagnoses) - consider multidisciplinary review,Review before discharge; follow-up visit within 7 days; case-manager call,0
277605918,90489195,Other,35,Female,0.656,HIGH,5,2+ inpatient stays in the past year - enrol in care-coordination programme | 2+ emergency visits in the past year - review outpatient access and follow-up plan | Diabetes medication dose changed this admission - medication reconciliation and patient education | High comorbidity burden (9+ diagnoses) - consider multidisciplinary review | High risk and discharged home - arrange follow-up call within 48-72 hours,Review before discharge; follow-up visit within 7 days; case-manager call,0
26297136,7258698,Diabetes,55,Male,0.656,HIGH,2,2+ inpatient stays in the past year - enrol in care-coordination programme | High comorbidity burden (9+ diagnoses) - consider multidisciplinary review,Review before discharge; follow-up visit within 7 days; case-manager call,1
39971784,82052541,Respiratory,75,Male,0.656,HIGH,2,2+ inpatient stays in the past year - enrol in care-coordination programme | High comorbidity burden (9+ diagnoses) - consider multidisciplinary review,Review before discharge; follow-up visit within 7 days; case-manager call,0
133036962,54399627,Circulatory,45,Male,0.655,HIGH,3,2+ inpatient stays in the past year - enrol in care-coordination programme | High comorbidity burden (9+ diagnoses) - consider multidisciplinary review | High risk and discharged home - arrange follow-up call within 48-72 hours,Review before discharge; follow-up visit within 7 days; case-manager call,1
70495020,93574170,Other,75,Female,0.655,HIGH,3,2+ inpatient stays in the past year - enrol in care-coordination programme | High comorbidity burden (9+ diagnoses) - consider multidisciplinary review | High risk and discharged home - arrange follow-up call within 48-72 hours,Review before discharge; follow-up visit within 7 days; case-manager call,0
72654918,85631175,Diabetes,75,Male,0.655,HIGH,1,2+ inpatient stays in the past year - enrol in care-coordination programme,Review before discharge; follow-up visit within 7 days; case-manager call,0
177063060,42575517,Respiratory,85,Male,0.655,HIGH,2,2+ inpatient stays in the past year - enrol in care-coordination programme | Diabetes medication dose changed this admission - medication reconciliation and patient education,Review before discharge; follow-up visit within 7 days; case-manager call,1
340859606,43745301,Diabetes,75,Male,0.655,HIGH,3,2+ inpatient stays in the past year - enrol in care-coordination programme | Diabetes medication dose changed this admission - medication reconciliation and patient education | High comorbidity burden (9+ diagnoses) - consider multidisciplinary review,Review before discharge; follow-up visit within 7 days; case-manager call,1
100471554,23433021,Circulatory,75,Male,0.655,HIGH,4,2+ inpatient stays in the past year - enrol in care-coordination programme | Diabetes medication dose changed this admission - medication reconciliation and patient education | High comorbidity burden (9+ diagnoses) - consider multidisciplinary review | Polypharmacy (25+ medications) - pharmacist review,Review before discharge; follow-up visit within 7 days; case-manager call,0
199152594,91976013,Circulatory,85,Female,0.655,HIGH,2,2+ inpatient stays in the past year - enrol in care-coordination programme | High comorbidity burden (9+ diagnoses) - consider multidisciplinary review,Review before discharge; follow-up visit within 7 days; case-manager call,1
230677752,86207256,Circulatory,85,Female,0.655,HIGH,2,2+ inpatient stays in the past year - enrol in care-coordination programme | High comorbidity burden (9+ diagnoses) - consider multidisciplinary review,Review before discharge; follow-up visit within 7 days; case-manager call,0
171929004,41657193,Respiratory,85,Female,0.655,HIGH,2,2+ inpatient stays in the past year - enrol in care-coordination programme | Diabetes medication dose changed this admission - medication reconciliation and patient education,Review before discharge; follow-up visit within 7 days; case-manager call,1
138522912,40875966,Injury,65,Female,0.655,HIGH,3,2+ inpatient stays in the past year - enrol in care-coordination programme | Diabetes medication dose changed this admission - medication reconciliation and patient education | Prolonged stay (8+ days) - confirm clinical stability before discharge,Review before discharge; follow-up visit within 7 days; case-manager call,0
155472666,40428918,Injury,65,Female,0.655,HIGH,2,2+ inpatient stays in the past year - enrol in care-coordination programme | High comorbidity burden (9+ diagnoses) - consider multidisciplinary review,Review before discharge; follow-up visit within 7 days; case-manager call,0
151632504,101601846,Circulatory,65,Female,0.655,HIGH,1,2+ inpatient stays in the past year - enrol in care-coordination programme,Review before discharge; follow-up visit within 7 days; case-manager call,1
245485242,103805928,Circulatory,75,Female,0.655,HIGH,2,2+ inpatient stays in the past year - enrol in care-coordination programme | High comorbidity burden (9+ diagnoses) - consider multidisciplinary review,Review before discharge; follow-up visit within 7 days; case-manager call,0
125718858,76204728,Other,55,Female,0.654,HIGH,4,2+ inpatient stays in the past year - enrol in care-coordination programme | 2+ emergency visits in the past year - review outpatient access and follow-up plan | Diabetes medication dose changed this admission - medication reconciliation and patient education | High risk and discharged home - arrange follow-up call within 48-72 hours,Review before discharge; follow-up visit within 7 days; case-manager call,0
169230852,88932222,Circulatory,75,Female,0.654,HIGH,3,2+ inpatient stays in the past year - enrol in care-coordination programme | Diabetes medication dose changed this admission - medication reconciliation and patient education | High comorbidity burden (9+ diagnoses) - consider multidisciplinary review,Review before discharge; follow-up visit within 7 days; case-manager call,0
240116406,59228019,Other,65,Female,0.654,HIGH,3,2+ inpatient stays in the past year - enrol in care-coordination programme | Diabetes medication dose changed this admission - medication reconciliation and patient education | High comorbidity burden (9+ diagnoses) - consider multidisciplinary review,Review before discharge; follow-up visit within 7 days; case-manager call,1
31982622,73371627,Circulatory,85,Female,0.654,HIGH,2,2+ inpatient stays in the past year - enrol in care-coordination programme | High comorbidity burden (9+ diagnoses) - consider multidisciplinary review,Review before discharge; follow-up visit within 7 days; case-manager call,0
67078278,71657838,Circulatory,75,Female,0.654,HIGH,2,2+ inpatient stays in the past year - enrol in care-coordination programme | High comorbidity burden (9+ diagnoses) - consider multidisciplinary review,Review before discharge; follow-up visit within 7 days; case-manager call,0
291810564,97856856,Diabetes,75,Male,0.654,HIGH,6,2+ inpatient stays in the past year - enrol in care-coordination programme | 2+ emergency visits in the past year - review outpatient access and follow-up plan | Diabetes medication dose changed this admission - medication reconciliation and patient education | High comorbidity burden (9+ diagnoses) - consider multidisciplinary review | Prolonged stay (8+ days) - confirm clinical stability before discharge | Polypharmacy (25+ medications) - pharmacist review,Review before discharge; follow-up visit within 7 days; case-manager call,1
106920384,24036237,Respiratory,75,Male,0.654,HIGH,3,2+ inpatient stays in the past year - enrol in care-coordination programme | High comorbidity burden (9+ diagnoses) - consider multidisciplinary review | Polypharmacy (25+ medications) - pharmacist review,Review before discharge; follow-up visit within 7 days; case-manager call,0
213166884,50313978,Circulatory,75,Male,0.654,HIGH,3,2+ inpatient stays in the past year - enrol in care-coordination programme | High comorbidity burden (9+ diagnoses) - consider multidisciplinary review | High risk and discharged home - arrange follow-up call within 48-72 hours,Review before discharge; follow-up visit within 7 days; case-manager call,0
129443856,58899843,Diabetes,35,Male,0.654,HIGH,4,2+ inpatient stays in the past year - enrol in care-coordination programme | Diabetes medication dose changed this admission - medication reconciliation and patient education | High comorbidity burden (9+ diagnoses) - consider multidisciplinary review | High risk and discharged home - arrange follow-up call within 48-72 hours,Review before discharge; follow-up visit within 7 days; case-manager call,0
154327038,23422635,Other,35,Female,0.654,HIGH,3,2+ inpatient stays in the past year - enrol in care-coordination programme | 2+ emergency visits in the past year - review outpatient access and follow-up plan | High risk and discharged home - arrange follow-up call within 48-72 hours,Review before discharge; follow-up visit within 7 days; case-manager call,0
128973876,53581023,Circulatory,65,Male,0.654,HIGH,3,2+ inpatient stays in the past year - enrol in care-coordination programme | High comorbidity burden (9+ diagnoses) - consider multidisciplinary review | High risk and discharged home - arrange follow-up call within 48-72 hours,Review before discharge; follow-up visit within 7 days; case-manager call,0
432572336,122841374,Diabetes,35,Female,0.654,HIGH,3,2+ inpatient stays in the past year - enrol in care-coordination programme | 2+ emergency visits in the past year - review outpatient access and follow-up plan | High risk and discharged home - arrange follow-up call within 48-72 hours,Review before discharge; follow-up visit within 7 days; case-manager call,0
201650316,59783895,Other,65,Female,0.654,HIGH,2,"2+ inpatient stays in the past year - enrol in care-coordination programme | HbA1c above 8% - poor glycaemic control, consider treatment review / endocrine follow-up",Review before discharge; follow-up visit within 7 days; case-manager call,0
241240530,85232619,Respiratory,55,Female,0.654,HIGH,4,2+ inpatient stays in the past year - enrol in care-coordination programme | Diabetes medication dose changed this admission - medication reconciliation and patient education | High comorbidity burden (9+ diagnoses) - consider multidisciplinary review | Polypharmacy (25+ medications) - pharmacist review,Review before discharge; follow-up visit within 7 days; case-manager call,0
159079542,40911462,Genitourinary,55,Female,0.654,HIGH,3,2+ inpatient stays in the past year - enrol in care-coordination programme | Diabetes medication dose changed this admission - medication reconciliation and patient education | High risk and discharged home - arrange follow-up call within 48-72 hours,Review before discharge; follow-up visit within 7 days; case-manager call,0
161584884,90751788,Respiratory,65,Female,0.653,HIGH,2,2+ inpatient stays in the past year - enrol in care-coordination programme | High comorbidity burden (9+ diagnoses) - consider multidisciplinary review,Review before discharge; follow-up visit within 7 days; case-manager call,1
42205164,104422851,Other,75,Male,0.653,HIGH,4,2+ inpatient stays in the past year - enrol in care-coordination programme | Diabetes medication dose changed this admission - medication reconciliation and patient education | Prolonged stay (8+ days) - confirm clinical stability before discharge | High risk and discharged home - arrange follow-up call within 48-72 hours,Review before discharge; follow-up visit within 7 days; case-manager call,1
65521854,8041437,Other,75,Female,0.653,HIGH,2,2+ inpatient stays in the past year - enrol in care-coordination programme | High risk and discharged home - arrange follow-up call within 48-72 hours,Review before discharge; follow-up visit within 7 days; case-manager call,0
173792544,97190919,Diabetes,55,Male,0.653,HIGH,3,2+ inpatient stays in the past year - enrol in care-coordination programme | Diabetes medication dose changed this admission - medication reconciliation and patient education | High comorbidity burden (9+ diagnoses) - consider multidisciplinary review,Review before discharge; follow-up visit within 7 days; case-manager call,1
424299890,105680502,Respiratory,85,Male,0.653,HIGH,3,2+ inpatient stays in the past year - enrol in care-coordination programme | Diabetes medication dose changed this admission - medication reconciliation and patient education | High comorbidity burden (9+ diagnoses) - consider multidisciplinary review,Review before discharge; follow-up visit within 7 days; case-manager call,1
251901012,100968057,Circulatory,45,Male,0.653,HIGH,3,2+ inpatient stays in the past year - enrol in care-coordination programme | Diabetes medication dose changed this admission - medication reconciliation and patient education | High comorbidity burden (9+ diagnoses) - consider multidisciplinary review,Review before discharge; follow-up visit within 7 days; case-manager call,0
387789470,85061286,Circulatory,55,Male,0.652,HIGH,4,2+ inpatient stays in the past year - enrol in care-coordination programme | Diabetes medication dose changed this admission - medication reconciliation and patient education | High comorbidity burden (9+ diagnoses) - consider multidisciplinary review | High risk and discharged home - arrange follow-up call within 48-72 hours,Review before discharge; follow-up visit within 7 days; case-manager call,0
250434684,43332093,Respiratory,55,Male,0.652,HIGH,2,2+ inpatient stays in the past year - enrol in care-coordination programme | High comorbidity burden (9+ diagnoses) - consider multidisciplinary review,Review before discharge; follow-up visit within 7 days; case-manager call,0
74375718,417618,Diabetes,75,Male,0.652,HIGH,4,2+ inpatient stays in the past year - enrol in care-coordination programme | High comorbidity burden (9+ diagnoses) - consider multidisciplinary review | Prolonged stay (8+ days) - confirm clinical stability before discharge | High risk and discharged home - arrange follow-up call within 48-72 hours,Review before discharge; follow-up visit within 7 days; case-manager call,1
438459530,105327927,Other,75,Female,0.652,HIGH,2,2+ inpatient stays in the past year - enrol in care-coordination programme | High comorbidity burden (9+ diagnoses) - consider multidisciplinary review,Review before discharge; follow-up visit within 7 days; case-manager call,0
152146266,43332093,Circulatory,55,Male,0.652,HIGH,1,2+ inpatient stays in the past year - enrol in care-coordination programme,Review before discharge; follow-up visit within 7 days; case-manager call,1
186697056,30710025,Digestive,65,Male,0.652,HIGH,3,2+ inpatient stays in the past year - enrol in care-coordination programme | High comorbidity burden (9+ diagnoses) - consider multidisciplinary review | High risk and discharged home - arrange follow-up call within 48-72 hours,Review before discharge; follow-up visit within 7 days; case-manager call,0
253342098,73177110,Injury,75,Female,0.652,HIGH,4,2+ inpatient stays in the past year - enrol in care-coordination programme | Diabetes medication dose changed this admission - medication reconciliation and patient education | High comorbidity burden (9+ diagnoses) - consider multidisciplinary review | Polypharmacy (25+ medications) - pharmacist review,Review before discharge; follow-up visit within 7 days; case-manager call,0
277935576,106757478,Digestive,95,Female,0.652,HIGH,2,2+ inpatient stays in the past year - enrol in care-coordination programme | High risk and discharged home - arrange follow-up call within 48-72 hours,Review before discharge; follow-up visit within 7 days; case-manager call,0
217168134,41387814,Injury,85,Female,0.652,HIGH,1,2+ inpatient stays in the past year - enrol in care-coordination programme,Review before discharge; follow-up visit within 7 days; case-manager call,1
162071358,90000162,Circulatory,65,Female,0.652,HIGH,2,2+ inpatient stays in the past year - enrol in care-coordination programme | High comorbidity burden (9+ diagnoses) - consider multidisciplinary review,Review before discharge; follow-up visit within 7 days; case-manager call,1
96188640,25630164,Circulatory,65,Male,0.652,HIGH,3,2+ inpatient stays in the past year - enrol in care-coordination programme | 2+ emergency visits in the past year - review outpatient access and follow-up plan | High comorbidity burden (9+ diagnoses) - consider multidisciplinary review,Review before discharge; follow-up visit within 7 days; case-manager call,1
376678904,69693498,Respiratory,65,Male,0.652,HIGH,4,2+ inpatient stays in the past year - enrol in care-coordination programme | Diabetes medication dose changed this admission - medication reconciliation and patient education | High comorbidity burden (9+ diagnoses) - consider multidisciplinary review | Polypharmacy (25+ medications) - pharmacist review,Review before discharge; follow-up visit within 7 days; case-manager call,0
25576554,74952,Other,85,Male,0.652,HIGH,3,2+ inpatient stays in the past year - enrol in care-coordination programme | High comorbidity burden (9+ diagnoses) - consider multidisciplinary review | High risk and discharged home - arrange follow-up call within 48-72 hours,Review before discharge; follow-up visit within 7 days; case-manager call,0
129318834,36078012,Respiratory,85,Female,0.652,HIGH,4,2+ inpatient stays in the past year - enrol in care-coordination programme | 2+ emergency visits in the past year - review outpatient access and follow-up plan | Diabetes medication dose changed this admission - medication reconciliation and patient education | High comorbidity burden (9+ diagnoses) - consider multidisciplinary review,Review before discharge; follow-up visit within 7 days; case-manager call,0
46403580,8812899,Circulatory,75,Female,0.652,HIGH,1,2+ inpatient stays in the past year - enrol in care-coordination programme,Review before discharge; follow-up visit within 7 days; case-manager call,1
46844658,16472790,Diabetes,55,Male,0.652,HIGH,5,2+ inpatient stays in the past year - enrol in care-coordination programme | Diabetes medication dose changed this admission - medication reconciliation and patient education | High comorbidity burden (9+ diagnoses) - consider multidisciplinary review | Prolonged stay (8+ days) - confirm clinical stability before discharge | Polypharmacy (25+ medications) - pharmacist review,Review before discharge; follow-up visit within 7 days; case-manager call,0
157113444,60594345,Circulatory,85,Female,0.652,HIGH,2,2+ inpatient stays in the past year - enrol in care-coordination programme | High comorbidity burden (9+ diagnoses) - consider multidisciplinary review,Review before discharge; follow-up visit within 7 days; case-manager call,0
382051478,64535598,Other,75,Female,0.652,HIGH,3,2+ inpatient stays in the past year - enrol in care-coordination programme | Diabetes medication dose changed this admission - medication reconciliation and patient education | Polypharmacy (25+ medications) - pharmacist review,Review before discharge; follow-up visit within 7 days; case-manager call,1
257648712,86239674,Circulatory,75,Female,0.652,HIGH,4,2+ inpatient stays in the past year - enrol in care-coordination programme | Diabetes medication dose changed this admission - medication reconciliation and patient education | High comorbidity burden (9+ diagnoses) - consider multidisciplinary review | High risk and discharged home - arrange follow-up call within 48-72 hours,Review before discharge; follow-up visit within 7 days; case-manager call,0
255837624,92662605,Injury,75,Male,0.652,HIGH,3,2+ inpatient stays in the past year - enrol in care-coordination programme | Diabetes medication dose changed this admission - medication reconciliation and patient education | High comorbidity burden (9+ diagnoses) - consider multidisciplinary review,Review before discharge; follow-up visit within 7 days; case-manager call,0
80766324,23923377,Digestive,65,Female,0.652,HIGH,3,2+ inpatient stays in the past year - enrol in care-coordination programme | 2+ emergency visits in the past year - review outpatient access and follow-up plan | High comorbidity burden (9+ diagnoses) - consider multidisciplinary review,Review before discharge; follow-up visit within 7 days; case-manager call,0
190087428,43979562,Diabetes,35,Male,0.651,HIGH,3,2+ inpatient stays in the past year - enrol in care-coordination programme | Diabetes medication dose changed this admission - medication reconciliation and patient education | High comorbidity burden (9+ diagnoses) - consider multidisciplinary review,Review before discharge; follow-up visit within 7 days; case-manager call,0
180927012,97190919,Diabetes,55,Male,0.651,HIGH,4,2+ inpatient stays in the past year - enrol in care-coordination programme | Diabetes medication dose changed this admission - medication reconciliation and patient education | High comorbidity burden (9+ diagnoses) - consider multidisciplinary review | High risk and discharged home - arrange follow-up call within 48-72 hours,Review before discharge; follow-up visit within 7 days; case-manager call,0
113351874,92811528,Diabetes,55,Male,0.651,HIGH,1,2+ inpatient stays in the past year - enrol in care-coordination programme,Review before discharge; follow-up visit within 7 days; case-manager call,0
430165604,89104941,Diabetes,65,Male,0.651,HIGH,3,2+ emergency visits in the past year - review outpatient access and follow-up plan | High comorbidity burden (9+ diagnoses) - consider multidisciplinary review | High risk and discharged home - arrange follow-up call within 48-72 hours,Review before discharge; follow-up visit within 7 days; case-manager call,0
182793084,84492585,Respiratory,85,Male,0.651,HIGH,4,2+ inpatient stays in the past year - enrol in care-coordination programme | High comorbidity burden (9+ diagnoses) - consider multidisciplinary review | Polypharmacy (25+ medications) - pharmacist review | High risk and discharged home - arrange follow-up call within 48-72 hours,Review before discharge; follow-up visit within 7 days; case-manager call,1
85233582,10061838,Genitourinary,75,Female,0.651,HIGH,3,2+ inpatient stays in the past year - enrol in care-coordination programme | High comorbidity burden (9+ diagnoses) - consider multidisciplinary review | High risk and discharged home - arrange follow-up call within 48-72 hours,Review before discharge; follow-up visit within 7 days; case-manager call,0
355470086,88681950,Respiratory,55,Female,0.651,HIGH,4,2+ inpatient stays in the past year - enrol in care-coordination programme | 2+ emergency visits in the past year - review outpatient access and follow-up plan | High comorbidity burden (9+ diagnoses) - consider multidisciplinary review | Polypharmacy (25+ medications) - pharmacist review,Review before discharge; follow-up visit within 7 days; case-manager call,1
425521298,114713712,Digestive,75,Female,0.651,HIGH,2,2+ inpatient stays in the past year - enrol in care-coordination programme | 2+ emergency visits in the past year - review outpatient access and follow-up plan,Review before discharge; follow-up visit within 7 days; case-manager call,0
126171582,88785891,Diabetes,25,Female,0.651,HIGH,3,2+ inpatient stays in the past year - enrol in care-coordination programme | Diabetes medication dose changed this admission - medication reconciliation and patient education | High risk and discharged home - arrange follow-up call within 48-72 hours,Review before discharge; follow-up visit within 7 days; case-manager call,0
119327292,62017425,Other,85,Male,0.651,HIGH,2,2+ inpatient stays in the past year - enrol in care-coordination programme | High comorbidity burden (9+ diagnoses) - consider multidisciplinary review,Review before discharge; follow-up visit within 7 days; case-manager call,0
286790814,89308323,Genitourinary,75,Female,0.65,HIGH,4,2+ inpatient stays in the past year - enrol in care-coordination programme | 2+ emergency visits in the past year - review outpatient access and follow-up plan | High comorbidity burden (9+ diagnoses) - consider multidisciplinary review | High risk and discharged home - arrange follow-up call within 48-72 hours,Review before discharge; follow-up visit within 7 days; case-manager call,1
156674322,23590440,Diabetes,75,Female,0.65,HIGH,3,2+ inpatient stays in the past year - enrol in care-coordination programme | 2+ emergency visits in the past year - review outpatient access and follow-up plan | High comorbidity burden (9+ diagnoses) - consider multidisciplinary review,Review before discharge; follow-up visit within 7 days; case-manager call,0
257705826,97391007,Diabetes,45,Female,0.65,HIGH,2,2+ inpatient stays in the past year - enrol in care-coordination programme | High risk and discharged home - arrange follow-up call within 48-72 hours,Review before discharge; follow-up visit within 7 days; case-manager call,0
163416204,84318156,Digestive,65,Male,0.65,HIGH,2,2+ inpatient stays in the past year - enrol in care-coordination programme | High comorbidity burden (9+ diagnoses) - consider multidisciplinary review,Review before discharge; follow-up visit within 7 days; case-manager call,1
368953010,41194809,Other,75,Male,0.65,HIGH,1,Diabetes medication dose changed this admission - medication reconciliation and patient education,Review before discharge; follow-up visit within 7 days; case-manager call,0
71659344,1657485,Circulatory,65,Male,0.65,HIGH,2,2+ inpatient stays in the past year - enrol in care-coordination programme | High comorbidity burden (9+ diagnoses) - consider multidisciplinary review,Review before discharge; follow-up visit within 7 days; case-manager call,0
228431298,89477991,Circulatory,75,Female,0.65,HIGH,3,2+ inpatient stays in the past year - enrol in care-coordination programme | 2+ emergency visits in the past year - review outpatient access and follow-up plan | High comorbidity burden (9+ diagnoses) - consider multidisciplinary review,Review before discharge; follow-up visit within 7 days; case-manager call,0
127566348,24540075,Other,85,Female,0.65,HIGH,1,2+ inpatient stays in the past year - enrol in care-coordination programme,Review before discharge; follow-up visit within 7 days; case-manager call,1
50568420,1227087,Digestive,55,Female,0.65,HIGH,3,2+ inpatient stays in the past year - enrol in care-coordination programme | High comorbidity burden (9+ diagnoses) - consider multidisciplinary review | High risk and discharged home - arrange follow-up call within 48-72 hours,Review before discharge; follow-up visit within 7 days; case-manager call,0
167764824,42941232,Circulatory,75,Male,0.65,HIGH,1,2+ inpatient stays in the past year - enrol in care-coordination programme,Review before discharge; follow-up visit within 7 days; case-manager call,0
251372154,87157728,Circulatory,65,Female,0.65,HIGH,3,2+ inpatient stays in the past year - enrol in care-coordination programme | Diabetes medication dose changed this admission - medication reconciliation and patient education | High comorbidity burden (9+ diagnoses) - consider multidisciplinary review,Review before discharge; follow-up visit within 7 days; case-manager call,0
427257056,85821255,Respiratory,85,Male,0.65,HIGH,2,2+ inpatient stays in the past year - enrol in care-coordination programme | High comorbidity burden (9+ diagnoses) - consider multidisciplinary review,Review before discharge; follow-up visit within 7 days; case-manager call,0
146855538,110085957,Injury,55,Female,0.65,HIGH,2,2+ inpatient stays in the past year - enrol in care-coordination programme | Diabetes medication dose changed this admission - medication reconciliation and patient education,Review before discharge; follow-up visit within 7 days; case-manager call,1
198880962,84562623,Digestive,75,Female,0.65,HIGH,2,2+ inpatient stays in the past year - enrol in care-coordination programme | High comorbidity burden (9+ diagnoses) - consider multidisciplinary review,Review before discharge; follow-up visit within 7 days; case-manager call,0
282917034,59363244,Genitourinary,85,Female,0.65,HIGH,4,2+ inpatient stays in the past year - enrol in care-coordination programme | High comorbidity burden (9+ diagnoses) - consider multidisciplinary review | Prolonged stay (8+ days) - confirm clinical stability before discharge | Polypharmacy (25+ medications) - pharmacist review,Review before discharge; follow-up visit within 7 days; case-manager call,0
83298198,17409402,Diabetes,45,Female,0.649,HIGH,4,2+ inpatient stays in the past year - enrol in care-coordination programme | Diabetes medication dose changed this admission - medication reconciliation and patient education | High comorbidity burden (9+ diagnoses) - consider multidisciplinary review | High risk and discharged home - arrange follow-up call within 48-72 hours,Review before discharge; follow-up visit within 7 days; case-manager call,0
201310734,22265478,Other,65,Female,0.649,HIGH,3,2+ inpatient stays in the past year - enrol in care-coordination programme | Diabetes medication dose changed this admission - medication reconciliation and patient education | High comorbidity burden (9+ diagnoses) - consider multidisciplinary review,Review before discharge; follow-up visit within 7 days; case-manager call,1
248949930,59275179,Respiratory,55,Male,0.649,HIGH,4,2+ inpatient stays in the past year - enrol in care-coordination programme | Diabetes medication dose changed this admission - medication reconciliation and patient education | High comorbidity burden (9+ diagnoses) - consider multidisciplinary review | High risk and discharged home - arrange follow-up call within 48-72 hours,Review before discharge; follow-up visit within 7 days; case-manager call,1
48744360,3401055,Digestive,45,Female,0.649,HIGH,2,2+ inpatient stays in the past year - enrol in care-coordination programme | High comorbidity burden (9+ diagnoses) - consider multidisciplinary review,Review before discharge; follow-up visit within 7 days; case-manager call,0
204659490,95494239,Respiratory,75,Female,0.649,HIGH,5,2+ inpatient stays in the past year - enrol in care-coordination programme | Diabetes medication dose changed this admission - medication reconciliation and patient education | High comorbidity burden (9+ diagnoses) - consider multidisciplinary review | Prolonged stay (8+ days) - confirm clinical stability before discharge | Polypharmacy (25+ medications) - pharmacist review,Review before discharge; follow-up visit within 7 days; case-manager call,0
303646118,32010471,Other,55,Male,0.649,HIGH,2,2+ inpatient stays in the past year - enrol in care-coordination programme | High risk and discharged home - arrange follow-up call within 48-72 hours,Review before discharge; follow-up visit within 7 days; case-manager call,0
133460268,79511382,Diabetes,25,Female,0.649,HIGH,2,2+ inpatient stays in the past year - enrol in care-coordination programme | High risk and discharged home - arrange follow-up call within 48-72 hours,Review before discharge; follow-up visit within 7 days; case-manager call,0
83878122,5025834,Circulatory,75,Male,0.649,HIGH,3,2+ inpatient stays in the past year - enrol in care-coordination programme | High comorbidity burden (9+ diagnoses) - consider multidisciplinary review | Polypharmacy (25+ medications) - pharmacist review,Review before discharge; follow-up visit within 7 days; case-manager call,0
243412404,43966593,Diabetes,55,Female,0.649,HIGH,5,2+ inpatient stays in the past year - enrol in care-coordination programme | Diabetes medication dose changed this admission - medication reconciliation and patient education | High comorbidity burden (9+ diagnoses) - consider multidisciplinary review | Prolonged stay (8+ days) - confirm clinical stability before discharge | Polypharmacy (25+ medications) - pharmacist review,Review before discharge; follow-up visit within 7 days; case-manager call,1
93304032,23643405,Diabetes,25,Female,0.649,HIGH,3,2+ inpatient stays in the past year - enrol in care-coordination programme | 2+ emergency visits in the past year - review outpatient access and follow-up plan | High risk and discharged home - arrange follow-up call within 48-72 hours,Review before discharge; follow-up visit within 7 days; case-manager call,0
399004910,67329513,Genitourinary,55,Male,0.649,HIGH,3,2+ inpatient stays in the past year - enrol in care-coordination programme | Diabetes medication dose changed this admission - medication reconciliation and patient education | High comorbidity burden (9+ diagnoses) - consider multidisciplinary review,Review before discharge; follow-up visit within 7 days; case-manager call,1
39850434,428733,Injury,75,Male,0.649,HIGH,4,2+ inpatient stays in the past year - enrol in care-coordination programme | Diabetes medication dose changed this admission - medication reconciliation and patient education | High comorbidity burden (9+ diagnoses) - consider multidisciplinary review | Prolonged stay (8+ days) - confirm clinical stability before discharge,Review before discharge; follow-up visit within 7 days; case-manager call,1
166425294,67626414,Respiratory,85,Female,0.649,HIGH,5,2+ inpatient stays in the past year - enrol in care-coordination programme | Diabetes medication dose changed this admission - medication reconciliation and patient education | High comorbidity burden (9+ diagnoses) - consider multidisciplinary review | Prolonged stay (8+ days) - confirm clinical stability before discharge | Polypharmacy (25+ medications) - pharmacist review,Review before discharge; follow-up visit within 7 days; case-manager call,1
321456530,138105365,Diabetes,55,Male,0.649,HIGH,3,2+ inpatient stays in the past year - enrol in care-coordination programme | High comorbidity burden (9+ diagnoses) - consider multidisciplinary review | High risk and discharged home - arrange follow-up call within 48-72 hours,Review before discharge; follow-up visit within 7 days; case-manager call,0
247042512,88533495,Circulatory,45,Male,0.649,HIGH,4,2+ inpatient stays in the past year - enrol in care-coordination programme | Diabetes medication dose changed this admission - medication reconciliation and patient education | High comorbidity burden (9+ diagnoses) - consider multidisciplinary review | Polypharmacy (25+ medications) - pharmacist review,Review before discharge; follow-up visit within 7 days; case-manager call,0
199239258,42868404,Respiratory,65,Male,0.649,HIGH,3,2+ inpatient stays in the past year - enrol in care-coordination programme | High comorbidity burden (9+ diagnoses) - consider multidisciplinary review | Polypharmacy (25+ medications) - pharmacist review,Review before discharge; follow-up visit within 7 days; case-manager call,1
281279112,84324771,Other,85,Female,0.649,HIGH,2,2+ inpatient stays in the past year - enrol in care-coordination programme | High comorbidity burden (9+ diagnoses) - consider multidisciplinary review,Review before discharge; follow-up visit within 7 days; case-manager call,1
216866970,42151185,Circulatory,75,Male,0.649,HIGH,3,2+ inpatient stays in the past year - enrol in care-coordination programme | Diabetes medication dose changed this admission - medication reconciliation and patient education | Polypharmacy (25+ medications) - pharmacist review,Review before discharge; follow-up visit within 7 days; case-manager call,0
285508998,106757478,Digestive,95,Female,0.648,HIGH,2,2+ inpatient stays in the past year - enrol in care-coordination programme | High risk and discharged home - arrange follow-up call within 48-72 hours,Review before discharge; follow-up visit within 7 days; case-manager call,0
294367640,112982949,Digestive,65,Female,0.648,HIGH,2,2+ inpatient stays in the past year - enrol in care-coordination programme | High comorbidity burden (9+ diagnoses) - consider multidisciplinary review,Review before discharge; follow-up visit within 7 days; case-manager call,1
158664000,24954642,Circulatory,55,Male,0.648,HIGH,2,2+ inpatient stays in the past year - enrol in care-coordination programme | High risk and discharged home - arrange follow-up call within 48-72 hours,Review before discharge; follow-up visit within 7 days; case-manager call,0
43707096,38775042,Respiratory,65,Female,0.648,HIGH,2,2+ inpatient stays in the past year - enrol in care-coordination programme | High comorbidity burden (9+ diagnoses) - consider multidisciplinary review,Review before discharge; follow-up visit within 7 days; case-manager call,0
360803510,38082618,Circulatory,75,Male,0.648,HIGH,2,2+ inpatient stays in the past year - enrol in care-coordination programme | High comorbidity burden (9+ diagnoses) - consider multidisciplinary review,Review before discharge; follow-up visit within 7 days; case-manager call,1
27586146,13041,Digestive,65,Female,0.648,HIGH,3,2+ inpatient stays in the past year - enrol in care-coordination programme | High comorbidity burden (9+ diagnoses) - consider multidisciplinary review | High risk and discharged home - arrange follow-up call within 48-72 hours,Review before discharge; follow-up visit within 7 days; case-manager call,0
168409152,69384114,Circulatory,45,Male,0.648,HIGH,1,2+ inpatient stays in the past year - enrol in care-coordination programme,Review before discharge; follow-up visit within 7 days; case-manager call,0
166570080,32621013,Circulatory,85,Female,0.648,HIGH,1,2+ inpatient stays in the past year - enrol in care-coordination programme,Review before discharge; follow-up visit within 7 days; case-manager call,0
104907870,97298037,Other,55,Male,0.648,HIGH,4,2+ inpatient stays in the past year - enrol in care-coordination programme | High comorbidity burden (9+ diagnoses) - consider multidisciplinary review | Prolonged stay (8+ days) - confirm clinical stability before discharge | Polypharmacy (25+ medications) - pharmacist review,Review before discharge; follow-up visit within 7 days; case-manager call,0
178772652,58085001,Other,65,Male,0.648,HIGH,3,Diabetes medication dose changed this admission - medication reconciliation and patient education | High comorbidity burden (9+ diagnoses) - consider multidisciplinary review | Polypharmacy (25+ medications) - pharmacist review,Review before discharge; follow-up visit within 7 days; case-manager call,0
169101714,57902751,Digestive,55,Female,0.648,HIGH,3,2+ inpatient stays in the past year - enrol in care-coordination programme | High comorbidity burden (9+ diagnoses) - consider multidisciplinary review | High risk and discharged home - arrange follow-up call within 48-72 hours,Review before discharge; follow-up visit within 7 days; case-manager call,0
255302778,97972299,Other,75,Female,0.648,HIGH,3,2+ inpatient stays in the past year - enrol in care-coordination programme | Diabetes medication dose changed this admission - medication reconciliation and patient education | High comorbidity burden (9+ diagnoses) - consider multidisciplinary review,Review before discharge; follow-up visit within 7 days; case-manager call,0
38480538,16156494,Digestive,35,Male,0.648,HIGH,1,2+ inpatient stays in the past year - enrol in care-coordination programme,Review before discharge; follow-up visit within 7 days; case-manager call,1
94200900,12529116,Other,65,Female,0.647,HIGH,2,2+ inpatient stays in the past year - enrol in care-coordination programme | High comorbidity burden (9+ diagnoses) - consider multidisciplinary review,Review before discharge; follow-up visit within 7 days; case-manager call,0
155375880,42572835,Other,75,Male,0.647,HIGH,2,2+ inpatient stays in the past year - enrol in care-coordination programme | High comorbidity burden (9+ diagnoses) - consider multidisciplinary review,Review before discharge; follow-up visit within 7 days; case-manager call,0
240100842,41831181,Circulatory,75,Male,0.647,HIGH,3,2+ inpatient stays in the past year - enrol in care-coordination programme | Diabetes medication dose changed this admission - medication reconciliation and patient education | High risk and discharged home - arrange follow-up call within 48-72 hours,Review before discharge; follow-up visit within 7 days; case-manager call,0
381934850,59624793,Other,55,Female,0.647,HIGH,6,2+ inpatient stays in the past year - enrol in care-coordination programme | 2+ emergency visits in the past year - review outpatient access and follow-up plan | Diabetes medication dose changed this admission - medication reconciliation and patient education | High comorbidity burden (9+ diagnoses) - consider multidisciplinary review | Prolonged stay (8+ days) - confirm clinical stability before discharge | Polypharmacy (25+ medications) - pharmacist review,Review before discharge; follow-up visit within 7 days; case-manager call,0
81743736,19704186,Injury,65,Male,0.647,HIGH,2,2+ inpatient stays in the past year - enrol in care-coordination programme | Polypharmacy (25+ medications) - pharmacist review,Review before discharge; follow-up visit within 7 days; case-manager call,1
58232136,8041437,Circulatory,75,Female,0.647,HIGH,1,2+ inpatient stays in the past year - enrol in care-coordination programme,Review before discharge; follow-up visit within 7 days; case-manager call,0
287010570,102338532,Circulatory,75,Female,0.647,HIGH,3,2+ emergency visits in the past year - review outpatient access and follow-up plan | Diabetes medication dose changed this admission - medication reconciliation and patient education | High comorbidity burden (9+ diagnoses) - consider multidisciplinary review,Review before discharge; follow-up visit within 7 days; case-manager call,1
177379350,94900770,Genitourinary,85,Female,0.647,HIGH,3,2+ inpatient stays in the past year - enrol in care-coordination programme | Diabetes medication dose changed this admission - medication reconciliation and patient education | High comorbidity burden (9+ diagnoses) - consider multidisciplinary review,Review before discharge; follow-up visit within 7 days; case-manager call,1
123035328,77640543,Other,45,Female,0.647,HIGH,4,2+ inpatient stays in the past year - enrol in care-coordination programme | Diabetes medication dose changed this admission - medication reconciliation and patient education | High comorbidity burden (9+ diagnoses) - consider multidisciplinary review | Prolonged stay (8+ days) - confirm clinical stability before discharge,Review before discharge; follow-up visit within 7 days; case-manager call,0
384306986,110665377,Diabetes,35,Female,0.647,HIGH,4,"2+ inpatient stays in the past year - enrol in care-coordination programme | 2+ emergency visits in the past year - review outpatient access and follow-up plan | HbA1c above 8% - poor glycaemic control, consider treatment review / endocrine follow-up | High comorbidity burden (9+ diagnoses) - consider multidisciplinary review",Review before discharge; follow-up visit within 7 days; case-manager call,0
246808560,88227540,Injury,45,Female,0.647,HIGH,5,2+ inpatient stays in the past year - enrol in care-coordination programme | 2+ emergency visits in the past year - review outpatient access and follow-up plan | Diabetes medication dose changed this admission - medication reconciliation and patient education | High comorbidity burden (9+ diagnoses) - consider multidisciplinary review | Prolonged stay (8+ days) - confirm clinical stability before discharge,Review before discharge; follow-up visit within 7 days; case-manager call,0
199340742,86207256,Other,85,Female,0.647,HIGH,1,2+ inpatient stays in the past year - enrol in care-coordination programme,Review before discharge; follow-up visit within 7 days; case-manager call,1
108489336,23515029,Circulatory,65,Male,0.647,HIGH,1,2+ emergency visits in the past year - review outpatient access and follow-up plan,Review before discharge; follow-up visit within 7 days; case-manager call,0
164464716,84318156,Digestive,65,Male,0.647,HIGH,2,2+ inpatient stays in the past year - enrol in care-coordination programme | High comorbidity burden (9+ diagnoses) - consider multidisciplinary review,Review before discharge; follow-up visit within 7 days; case-manager call,0
16198422,22184028,Diabetes,35,Female,0.647,HIGH,2,2+ inpatient stays in the past year - enrol in care-coordination programme | High risk and discharged home - arrange follow-up call within 48-72 hours,Review before discharge; follow-up visit within 7 days; case-manager call,0
431417264,38082618,Digestive,75,Male,0.646,HIGH,4,2+ inpatient stays in the past year - enrol in care-coordination programme | Diabetes medication dose changed this admission - medication reconciliation and patient education | High comorbidity burden (9+ diagnoses) - consider multidisciplinary review | High risk and discharged home - arrange follow-up call within 48-72 hours,Review before discharge; follow-up visit within 7 days; case-manager call,0
76669578,24255261,Digestive,45,Female,0.646,HIGH,4,2+ inpatient stays in the past year - enrol in care-coordination programme | 2+ emergency visits in the past year - review outpatient access and follow-up plan | Prolonged stay (8+ days) - confirm clinical stability before discharge | Polypharmacy (25+ medications) - pharmacist review,Review before discharge; follow-up visit within 7 days; case-manager call,1
151028256,91161297,Circulatory,85,Male,0.646,HIGH,3,2+ inpatient stays in the past year - enrol in care-coordination programme | Diabetes medication dose changed this admission - medication reconciliation and patient education | High comorbidity burden (9+ diagnoses) - consider multidisciplinary review,Review before discharge; follow-up visit within 7 days; case-manager call,0
75256236,1565163,Other,35,Male,0.646,HIGH,3,2+ inpatient stays in the past year - enrol in care-coordination programme | Diabetes medication dose changed this admission - medication reconciliation and patient education | High risk and discharged home - arrange follow-up call within 48-72 hours,Review before discharge; follow-up visit within 7 days; case-manager call,0
256522038,85029048,Diabetes,35,Male,0.646,HIGH,3,2+ inpatient stays in the past year - enrol in care-coordination programme | 2+ emergency visits in the past year - review outpatient access and follow-up plan | High comorbidity burden (9+ diagnoses) - consider multidisciplinary review,Review before discharge; follow-up visit within 7 days; case-manager call,0
185922516,85067748,Other,55,Female,0.646,HIGH,1,2+ inpatient stays in the past year - enrol in care-coordination programme,Review before discharge; follow-up visit within 7 days; case-manager call,0
182765604,25021449,Digestive,65,Female,0.646,HIGH,2,2+ inpatient stays in the past year - enrol in care-coordination programme | Prolonged stay (8+ days) - confirm clinical stability before discharge,Review before discharge; follow-up visit within 7 days; case-manager call,0
302587472,88227540,Diabetes,45,Female,0.646,HIGH,5,2+ inpatient stays in the past year - enrol in care-coordination programme | 2+ emergency visits in the past year - review outpatient access and follow-up plan | Diabetes medication dose changed this admission - medication reconciliation and patient education | High comorbidity burden (9+ diagnoses) - consider multidisciplinary review | High risk and discharged home - arrange follow-up call within 48-72 hours,Review before discharge; follow-up visit within 7 days; case-manager call,1
216426528,38049066,Injury,55,Female,0.646,HIGH,2,2+ inpatient stays in the past year - enrol in care-coordination programme | High comorbidity burden (9+ diagnoses) - consider multidisciplinary review,Review before discharge; follow-up visit within 7 days; case-manager call,1
105909936,24042303,Injury,65,Male,0.646,HIGH,2,2+ inpatient stays in the past year - enrol in care-coordination programme | Polypharmacy (25+ medications) - pharmacist review,Review before discharge; follow-up visit within 7 days; case-manager call,0
104322936,80163198,Other,85,Female,0.646,HIGH,5,2+ inpatient stays in the past year - enrol in care-coordination programme | Diabetes medication dose changed this admission - medication reconciliation and patient education | High comorbidity burden (9+ diagnoses) - consider multidisciplinary review | Prolonged stay (8+ days) - confirm clinical stability before discharge | High risk and discharged home - arrange follow-up call within 48-72 hours,Review before discharge; follow-up visit within 7 days; case-manager call,1
155954436,114490530,Other,75,Female,0.646,HIGH,4,2+ inpatient stays in the past year - enrol in care-coordination programme | Diabetes medication dose changed this admission - medication reconciliation and patient education | High comorbidity burden (9+ diagnoses) - consider multidisciplinary review | Prolonged stay (8+ days) - confirm clinical stability before discharge,Review before discharge; follow-up visit within 7 days; case-manager call,0
72129540,4821291,Diabetes,65,Female,0.646,HIGH,2,2+ inpatient stays in the past year - enrol in care-coordination programme | High comorbidity burden (9+ diagnoses) - consider multidisciplinary review,Review before discharge; follow-up visit within 7 days; case-manager call,0
245558460,101106009,Other,85,Male,0.646,HIGH,3,2+ inpatient stays in the past year - enrol in care-coordination programme | Diabetes medication dose changed this admission - medication reconciliation and patient education | High comorbidity burden (9+ diagnoses) - consider multidisciplinary review,Review before discharge; follow-up visit within 7 days; case-manager call,0
53728980,13486356,Diabetes,65,Female,0.646,HIGH,2,2+ inpatient stays in the past year - enrol in care-coordination programme | Prolonged stay (8+ days) - confirm clinical stability before discharge,Review before discharge; follow-up visit within 7 days; case-manager call,1
169288530,91562562,Respiratory,65,Male,0.646,HIGH,4,2+ inpatient stays in the past year - enrol in care-coordination programme | Diabetes medication dose changed this admission - medication reconciliation and patient education | Prolonged stay (8+ days) - confirm clinical stability before discharge | High risk and discharged home - arrange follow-up call within 48-72 hours,Review before discharge; follow-up visit within 7 days; case-manager call,0
82527666,80039745,Digestive,35,Male,0.646,HIGH,2,2+ inpatient stays in the past year - enrol in care-coordination programme | High risk and discharged home - arrange follow-up call within 48-72 hours,Review before discharge; follow-up visit within 7 days; case-manager call,0
182497194,24996852,Circulatory,75,Male,0.646,HIGH,3,2+ inpatient stays in the past year - enrol in care-coordination programme | Prolonged stay (8+ days) - confirm clinical stability before discharge | Polypharmacy (25+ medications) - pharmacist review,Review before discharge; follow-up visit within 7 days; case-manager call,0
376653080,103249746,Digestive,85,Female,0.646,HIGH,3,2+ inpatient stays in the past year - enrol in care-coordination programme | High comorbidity burden (9+ diagnoses) - consider multidisciplinary review | Prolonged stay (8+ days) - confirm clinical stability before discharge,Review before discharge; follow-up visit within 7 days; case-manager call,0
167882400,84492585,Other,85,Male,0.646,HIGH,4,2+ inpatient stays in the past year - enrol in care-coordination programme | High comorbidity burden (9+ diagnoses) - consider multidisciplinary review | Polypharmacy (25+ medications) - pharmacist review | High risk and discharged home - arrange follow-up call within 48-72 hours,Review before discharge; follow-up visit within 7 days; case-manager call,0
195353778,105722010,Injury,75,Female,0.646,HIGH,1,2+ inpatient stays in the past year - enrol in care-coordination programme,Review before discharge; follow-up visit within 7 days; case-manager call,0
60922368,93091437,Diabetes,65,Female,0.646,HIGH,2,2+ inpatient stays in the past year - enrol in care-coordination programme | Diabetes medication dose changed this admission - medication reconciliation and patient education,Review before discharge; follow-up visit within 7 days; case-manager call,0
81800274,10061838,Respiratory,75,Female,0.646,HIGH,2,2+ inpatient stays in the past year - enrol in care-coordination programme | High comorbidity burden (9+ diagnoses) - consider multidisciplinary review,Review before discharge; follow-up visit within 7 days; case-manager call,0
239987136,103805928,Circulatory,75,Female,0.646,HIGH,5,2+ inpatient stays in the past year - enrol in care-coordination programme | Diabetes medication dose changed this admission - medication reconciliation and patient education | High comorbidity burden (9+ diagnoses) - consider multidisciplinary review | Prolonged stay (8+ days) - confirm clinical stability before discharge | Polypharmacy (25+ medications) - pharmacist review,Review before discharge; follow-up visit within 7 days; case-manager call,1
164407296,107874027,Other,75,Male,0.646,HIGH,1,2+ inpatient stays in the past year - enrol in care-coordination programme,Review before discharge; follow-up visit within 7 days; case-manager call,0
81788214,24209856,Digestive,35,Female,0.646,HIGH,2,2+ inpatient stays in the past year - enrol in care-coordination programme | Diabetes medication dose changed this admission - medication reconciliation and patient education,Review before discharge; follow-up visit within 7 days; case-manager call,1
172801488,23225022,Digestive,85,Female,0.646,HIGH,4,2+ inpatient stays in the past year - enrol in care-coordination programme | Diabetes medication dose changed this admission - medication reconciliation and patient education | Prolonged stay (8+ days) - confirm clinical stability before discharge | Polypharmacy (25+ medications) - pharmacist review,Review before discharge; follow-up visit within 7 days; case-manager call,1
171128406,98938521,Respiratory,75,Female,0.646,HIGH,2,2+ inpatient stays in the past year - enrol in care-coordination programme | Diabetes medication dose changed this admission - medication reconciliation and patient education,Review before discharge; follow-up visit within 7 days; case-manager call,0
176540778,88937478,Respiratory,75,Female,0.646,HIGH,4,2+ emergency visits in the past year - review outpatient access and follow-up plan | Diabetes medication dose changed this admission - medication reconciliation and patient education | High comorbidity burden (9+ diagnoses) - consider multidisciplinary review | High risk and discharged home - arrange follow-up call within 48-72 hours,Review before discharge; follow-up visit within 7 days; case-manager call,0
52559574,890082,Digestive,65,Female,0.646,HIGH,2,2+ inpatient stays in the past year - enrol in care-coordination programme | High risk and discharged home - arrange follow-up call within 48-72 hours,Review before discharge; follow-up visit within 7 days; case-manager call,0
38056014,890082,Other,65,Female,0.645,HIGH,3,2+ inpatient stays in the past year - enrol in care-coordination programme | High comorbidity burden (9+ diagnoses) - consider multidisciplinary review | High risk and discharged home - arrange follow-up call within 48-72 hours,Review before discharge; follow-up visit within 7 days; case-manager call,0
181274274,58418082,Circulatory,75,Female,0.645,HIGH,3,2+ inpatient stays in the past year - enrol in care-coordination programme | Diabetes medication dose changed this admission - medication reconciliation and patient education | High comorbidity burden (9+ diagnoses) - consider multidisciplinary review,Review before discharge; follow-up visit within 7 days; case-manager call,0
46060242,23503464,Respiratory,75,Male,0.645,HIGH,3,2+ inpatient stays in the past year - enrol in care-coordination programme | Diabetes medication dose changed this admission - medication reconciliation and patient education | Prolonged stay (8+ days) - confirm clinical stability before discharge,Review before discharge; follow-up visit within 7 days; case-manager call,0
51077898,4251672,Other,65,Male,0.645,HIGH,1,2+ inpatient stays in the past year - enrol in care-coordination programme,Review before discharge; follow-up visit within 7 days; case-manager call,1
168944796,84562623,Injury,75,Female,0.645,HIGH,2,2+ inpatient stays in the past year - enrol in care-coordination programme | High comorbidity burden (9+ diagnoses) - consider multidisciplinary review,Review before discharge; follow-up visit within 7 days; case-manager call,0
151004592,114490530,Circulatory,75,Female,0.645,HIGH,4,2+ inpatient stays in the past year - enrol in care-coordination programme | Diabetes medication dose changed this admission - medication reconciliation and patient education | High comorbidity burden (9+ diagnoses) - consider multidisciplinary review | Prolonged stay (8+ days) - confirm clinical stability before discharge,Review before discharge; follow-up visit within 7 days; case-manager call,0
158054790,103305528,Injury,55,Male,0.645,HIGH,3,2+ inpatient stays in the past year - enrol in care-coordination programme | High comorbidity burden (9+ diagnoses) - consider multidisciplinary review | High risk and discharged home - arrange follow-up call within 48-72 hours,Review before discharge; follow-up visit within 7 days; case-manager call,1
9358128,1660293,Digestive,65,Female,0.645,HIGH,5,2+ inpatient stays in the past year - enrol in care-coordination programme | High comorbidity burden (9+ diagnoses) - consider multidisciplinary review | Prolonged stay (8+ days) - confirm clinical stability before discharge | Polypharmacy (25+ medications) - pharmacist review | High risk and discharged home - arrange follow-up call within 48-72 hours,Review before discharge; follow-up visit within 7 days; case-manager call,0
53474466,1227087,Circulatory,55,Female,0.645,HIGH,4,"2+ inpatient stays in the past year - enrol in care-coordination programme | HbA1c above 8% - poor glycaemic control, consider treatment review / endocrine follow-up | High comorbidity burden (9+ diagnoses) - consider multidisciplinary review | High risk and discharged home - arrange follow-up call within 48-72 hours",Review before discharge; follow-up visit within 7 days; case-manager call,0
53445798,12704715,Circulatory,75,Male,0.645,HIGH,4,2+ inpatient stays in the past year - enrol in care-coordination programme | Diabetes medication dose changed this admission - medication reconciliation and patient education | High comorbidity burden (9+ diagnoses) - consider multidisciplinary review | Prolonged stay (8+ days) - confirm clinical stability before discharge,Review before discharge; follow-up visit within 7 days; case-manager call,1
21616398,1660293,Digestive,65,Female,0.645,HIGH,5,"2+ inpatient stays in the past year - enrol in care-coordination programme | HbA1c above 8% - poor glycaemic control, consider treatment review / endocrine follow-up | Diabetes medication dose changed this admission - medication reconciliation and patient education | High comorbidity burden (9+ diagnoses) - consider multidisciplinary review | High risk and discharged home - arrange follow-up call within 48-72 hours",Review before discharge; follow-up visit within 7 days; case-manager call,0
210301176,91690308,Respiratory,85,Female,0.645,HIGH,3,2+ inpatient stays in the past year - enrol in care-coordination programme | Diabetes medication dose changed this admission - medication reconciliation and patient education | High risk and discharged home - arrange follow-up call within 48-72 hours,Review before discharge; follow-up visit within 7 days; case-manager call,0
327255482,88813107,Respiratory,75,Female,0.645,HIGH,4,2+ inpatient stays in the past year - enrol in care-coordination programme | 2+ emergency visits in the past year - review outpatient access and follow-up plan | Diabetes medication dose changed this admission - medication reconciliation and patient education | High comorbidity burden (9+ diagnoses) - consider multidisciplinary review,Review before discharge; follow-up visit within 7 days; case-manager call,0
111950496,24529536,Respiratory,55,Male,0.645,HIGH,2,2+ inpatient stays in the past year - enrol in care-coordination programme | High risk and discharged home - arrange follow-up call within 48-72 hours,Review before discharge; follow-up visit within 7 days; case-manager call,0
147332490,100186704,Circulatory,75,Male,0.645,HIGH,3,2+ inpatient stays in the past year - enrol in care-coordination programme | Prolonged stay (8+ days) - confirm clinical stability before discharge | Polypharmacy (25+ medications) - pharmacist review,Review before discharge; follow-up visit within 7 days; case-manager call,1
204985230,86363505,Other,55,Female,0.645,HIGH,2,2+ inpatient stays in the past year - enrol in care-coordination programme | High risk and discharged home - arrange follow-up call within 48-72 hours,Review before discharge; follow-up visit within 7 days; case-manager call,0
40578840,5159286,Genitourinary,65,Male,0.645,HIGH,2,2+ inpatient stays in the past year - enrol in care-coordination programme | High comorbidity burden (9+ diagnoses) - consider multidisciplinary review,Review before discharge; follow-up visit within 7 days; case-manager call,0
84931158,47115909,Other,75,Male,0.644,HIGH,4,2+ inpatient stays in the past year - enrol in care-coordination programme | Diabetes medication dose changed this admission - medication reconciliation and patient education | High comorbidity burden (9+ diagnoses) - consider multidisciplinary review | Prolonged stay (8+ days) - confirm clinical stability before discharge,Review before discharge; follow-up visit within 7 days; case-manager call,1
204699702,65156526,Diabetes,35,Male,0.644,HIGH,3,2+ inpatient stays in the past year - enrol in care-coordination programme | High comorbidity burden (9+ diagnoses) - consider multidisciplinary review | High risk and discharged home - arrange follow-up call within 48-72 hours,Review before discharge; follow-up visit within 7 days; case-manager call,0
421977410,105680502,Genitourinary,85,Male,0.644,HIGH,3,2+ inpatient stays in the past year - enrol in care-coordination programme | Diabetes medication dose changed this admission - medication reconciliation and patient education | High comorbidity burden (9+ diagnoses) - consider multidisciplinary review,Review before discharge; follow-up visit within 7 days; case-manager call,0
248625048,97391007,Diabetes,45,Female,0.644,HIGH,2,2+ inpatient stays in the past year - enrol in care-coordination programme | High risk and discharged home - arrange follow-up call within 48-72 hours,Review before discharge; follow-up visit within 7 days; case-manager call,1
167700156,25327341,Circulatory,65,Male,0.644,HIGH,1,2+ inpatient stays in the past year - enrol in care-coordination programme,Review before discharge; follow-up visit within 7 days; case-manager call,0
141201834,91380573,Circulatory,65,Female,0.644,HIGH,4,2+ inpatient stays in the past year - enrol in care-coordination programme | Diabetes medication dose changed this admission - medication reconciliation and patient education | High comorbidity burden (9+ diagnoses) - consider multidisciplinary review | Prolonged stay (8+ days) - confirm clinical stability before discharge,Review before discharge; follow-up visit within 7 days; case-manager call,0
190239474,42736122,Circulatory,75,Male,0.644,HIGH,4,2+ inpatient stays in the past year - enrol in care-coordination programme | Diabetes medication dose changed this admission - medication reconciliation and patient education | High comorbidity burden (9+ diagnoses) - consider multidisciplinary review | Prolonged stay (8+ days) - confirm clinical stability before discharge,Review before discharge; follow-up visit within 7 days; case-manager call,1
104495436,24042303,Circulatory,65,Male,0.644,HIGH,4,2+ inpatient stays in the past year - enrol in care-coordination programme | Diabetes medication dose changed this admission - medication reconciliation and patient education | Prolonged stay (8+ days) - confirm clinical stability before discharge | Polypharmacy (25+ medications) - pharmacist review,Review before discharge; follow-up visit within 7 days; case-manager call,1
100477554,69584895,Respiratory,65,Female,0.644,HIGH,2,2+ inpatient stays in the past year - enrol in care-coordination programme | Diabetes medication dose changed this admission - medication reconciliation and patient education,Review before discharge; follow-up visit within 7 days; case-manager call,0
216998646,106757478,Digestive,95,Female,0.644,HIGH,2,2+ inpatient stays in the past year - enrol in care-coordination programme | High risk and discharged home - arrange follow-up call within 48-72 hours,Review before discharge; follow-up visit within 7 days; case-manager call,0
54007398,1119825,Respiratory,85,Male,0.644,HIGH,3,2+ inpatient stays in the past year - enrol in care-coordination programme | High comorbidity burden (9+ diagnoses) - consider multidisciplinary review | Prolonged stay (8+ days) - confirm clinical stability before discharge,Review before discharge; follow-up visit within 7 days; case-manager call,0
171039726,91314108,Other,55,Female,0.644,HIGH,4,2+ emergency visits in the past year - review outpatient access and follow-up plan | Diabetes medication dose changed this admission - medication reconciliation and patient education | High comorbidity burden (9+ diagnoses) - consider multidisciplinary review | High risk and discharged home - arrange follow-up call within 48-72 hours,Review before discharge; follow-up visit within 7 days; case-manager call,0
205512990,63953127,Other,65,Female,0.644,HIGH,3,2+ inpatient stays in the past year - enrol in care-coordination programme | High comorbidity burden (9+ diagnoses) - consider multidisciplinary review | Polypharmacy (25+ medications) - pharmacist review,Review before discharge; follow-up visit within 7 days; case-manager call,0
250914342,84351582,Digestive,45,Female,0.644,HIGH,2,2+ emergency visits in the past year - review outpatient access and follow-up plan | High risk and discharged home - arrange follow-up call within 48-72 hours,Review before discharge; follow-up visit within 7 days; case-manager call,0
281480160,98511021,Other,85,Female,0.643,HIGH,1,2+ inpatient stays in the past year - enrol in care-coordination programme,Review before discharge; follow-up visit within 7 days; case-manager call,1
339071918,34248249,Neoplasms,55,Female,0.643,HIGH,2,2+ inpatient stays in the past year - enrol in care-coordination programme | High comorbidity burden (9+ diagnoses) - consider multidisciplinary review,Review before discharge; follow-up visit within 7 days; case-manager call,0
244520532,41194809,Circulatory,75,Male,0.643,HIGH,4,2+ inpatient stays in the past year - enrol in care-coordination programme | Diabetes medication dose changed this admission - medication reconciliation and patient education | High comorbidity burden (9+ diagnoses) - consider multidisciplinary review | High risk and discharged home - arrange follow-up call within 48-72 hours,Review before discharge; follow-up visit within 7 days; case-manager call,0
59408328,107874027,Other,65,Male,0.643,HIGH,1,2+ inpatient stays in the past year - enrol in care-coordination programme,Review before discharge; follow-up visit within 7 days; case-manager call,1
48104904,16718895,Digestive,85,Female,0.643,HIGH,2,2+ inpatient stays in the past year - enrol in care-coordination programme | Polypharmacy (25+ medications) - pharmacist review,Review before discharge; follow-up visit within 7 days; case-manager call,0
37899348,4571757,Diabetes,45,Male,0.643,HIGH,2,2+ inpatient stays in the past year - enrol in care-coordination programme | Polypharmacy (25+ medications) - pharmacist review,Review before discharge; follow-up visit within 7 days; case-manager call,0
350296574,184205381,Neoplasms,75,Male,0.643,HIGH,2,Diabetes medication dose changed this admission - medication reconciliation and patient education | High comorbidity burden (9+ diagnoses) - consider multidisciplinary review,Review before discharge; follow-up visit within 7 days; case-manager call,1
51870732,5159286,Diabetes,65,Male,0.643,HIGH,3,2+ inpatient stays in the past year - enrol in care-coordination programme | High comorbidity burden (9+ diagnoses) - consider multidisciplinary review | High risk and discharged home - arrange follow-up call within 48-72 hours,Review before discharge; follow-up visit within 7 days; case-manager call,0
86261160,23541498,Circulatory,55,Female,0.643,HIGH,2,2+ inpatient stays in the past year - enrol in care-coordination programme | High comorbidity burden (9+ diagnoses) - consider multidisciplinary review,Review before discharge; follow-up visit within 7 days; case-manager call,0
438529178,88785891,Other,25,Female,0.643,HIGH,3,2+ inpatient stays in the past year - enrol in care-coordination programme | 2+ emergency visits in the past year - review outpatient access and follow-up plan | High comorbidity burden (9+ diagnoses) - consider multidisciplinary review,Review before discharge; follow-up visit within 7 days; case-manager call,1
16098054,31701141,Digestive,55,Male,0.643,HIGH,5,2+ inpatient stays in the past year - enrol in care-coordination programme | High comorbidity burden (9+ diagnoses) - consider multidisciplinary review | Prolonged stay (8+ days) - confirm clinical stability before discharge | Polypharmacy (25+ medications) - pharmacist review | High risk and discharged home - arrange follow-up call within 48-72 hours,Review before discharge; follow-up visit within 7 days; case-manager call,0
19762692,892755,Circulatory,75,Female,0.643,HIGH,2,2+ inpatient stays in the past year - enrol in care-coordination programme | High comorbidity burden (9+ diagnoses) - consider multidisciplinary review,Review before discharge; follow-up visit within 7 days; case-manager call,0
89724966,82303623,Diabetes,65,Male,0.643,HIGH,1,2+ inpatient stays in the past year - enrol in care-coordination programme,Review before discharge; follow-up visit within 7 days; case-manager call,1
170463516,41140827,Other,55,Male,0.643,HIGH,1,2+ inpatient stays in the past year - enrol in care-coordination programme,Review before discharge; follow-up visit within 7 days; case-manager call,0
71919996,20098287,Musculoskeletal,45,Female,0.643,HIGH,3,2+ inpatient stays in the past year - enrol in care-coordination programme | Diabetes medication dose changed this admission - medication reconciliation and patient education | Polypharmacy (25+ medications) - pharmacist review,Review before discharge; follow-up visit within 7 days; case-manager call,1
406751786,35445357,Genitourinary,75,Female,0.643,HIGH,2,2+ inpatient stays in the past year - enrol in care-coordination programme | High comorbidity burden (9+ diagnoses) - consider multidisciplinary review,Review before discharge; follow-up visit within 7 days; case-manager call,0
149546772,54610425,Respiratory,85,Female,0.643,HIGH,5,2+ inpatient stays in the past year - enrol in care-coordination programme | Diabetes medication dose changed this admission - medication reconciliation and patient education | High comorbidity burden (9+ diagnoses) - consider multidisciplinary review | Prolonged stay (8+ days) - confirm clinical stability before discharge | Polypharmacy (25+ medications) - pharmacist review,Review before discharge; follow-up visit within 7 days; case-manager call,0
208488024,84492585,Injury,85,Male,0.643,HIGH,2,2+ inpatient stays in the past year - enrol in care-coordination programme | High comorbidity burden (9+ diagnoses) - consider multidisciplinary review,Review before discharge; follow-up visit within 7 days; case-manager call,0
170640738,84345561,Circulatory,75,Female,0.643,HIGH,3,2+ inpatient stays in the past year - enrol in care-coordination programme | High comorbidity burden (9+ diagnoses) - consider multidisciplinary review | Prolonged stay (8+ days) - confirm clinical stability before discharge,Review before discharge; follow-up visit within 7 days; case-manager call,0
210950964,38049066,Diabetes,55,Female,0.643,HIGH,1,2+ inpatient stays in the past year - enrol in care-coordination programme,Review before discharge; follow-up visit within 7 days; case-manager call,1
158501352,104353542,Digestive,65,Male,0.643,HIGH,4,2+ inpatient stays in the past year - enrol in care-coordination programme | High comorbidity burden (9+ diagnoses) - consider multidisciplinary review | Prolonged stay (8+ days) - confirm clinical stability before discharge | Polypharmacy (25+ medications) - pharmacist review,Review before discharge; follow-up visit within 7 days; case-manager call,0
198130704,30942189,Circulatory,55,Female,0.642,HIGH,3,2+ inpatient stays in the past year - enrol in care-coordination programme | High comorbidity burden (9+ diagnoses) - consider multidisciplinary review | High risk and discharged home - arrange follow-up call within 48-72 hours,Review before discharge; follow-up visit within 7 days; case-manager call,0
321318740,106792416,Other,75,Female,0.642,HIGH,3,2+ inpatient stays in the past year - enrol in care-coordination programme | High comorbidity burden (9+ diagnoses) - consider multidisciplinary review | High risk and discharged home - arrange follow-up call within 48-72 hours,Review before discharge; follow-up visit within 7 days; case-manager call,0
49898274,5209488,Circulatory,75,Female,0.642,HIGH,1,2+ inpatient stays in the past year - enrol in care-coordination programme,Review before discharge; follow-up visit within 7 days; case-manager call,0
189173796,58418082,Genitourinary,75,Female,0.642,HIGH,2,2+ inpatient stays in the past year - enrol in care-coordination programme | High risk and discharged home - arrange follow-up call within 48-72 hours,Review before discharge; follow-up visit within 7 days; case-manager call,0
155351766,41217957,Genitourinary,75,Female,0.642,HIGH,5,2+ inpatient stays in the past year - enrol in care-coordination programme | Diabetes medication dose changed this admission - medication reconciliation and patient education | High comorbidity burden (9+ diagnoses) - consider multidisciplinary review | Prolonged stay (8+ days) - confirm clinical stability before discharge | Polypharmacy (25+ medications) - pharmacist review,Review before discharge; follow-up visit within 7 days; case-manager call,1
224958456,91000287,Diabetes,45,Female,0.642,HIGH,2,2+ inpatient stays in the past year - enrol in care-coordination programme | High risk and discharged home - arrange follow-up call within 48-72 hours,Review before discharge; follow-up visit within 7 days; case-manager call,0
181569720,24777747,Diabetes,55,Female,0.642,HIGH,3,2+ inpatient stays in the past year - enrol in care-coordination programme | Diabetes medication dose changed this admission - medication reconciliation and patient education | Polypharmacy (25+ medications) - pharmacist review,Review before discharge; follow-up visit within 7 days; case-manager call,1
129601092,24321951,Respiratory,65,Female,0.642,HIGH,1,2+ inpatient stays in the past year - enrol in care-coordination programme,Review before discharge; follow-up visit within 7 days; case-manager call,0
161617722,24257187,Digestive,55,Female,0.642,HIGH,6,2+ inpatient stays in the past year - enrol in care-coordination programme | 2+ emergency visits in the past year - review outpatient access and follow-up plan | Diabetes medication dose changed this admission - medication reconciliation and patient education | High comorbidity burden (9+ diagnoses) - consider multidisciplinary review | Prolonged stay (8+ days) - confirm clinical stability before discharge | Polypharmacy (25+ medications) - pharmacist review,Review before discharge; follow-up visit within 7 days; case-manager call,0
175001808,63346410,Circulatory,55,Female,0.642,HIGH,4,2+ inpatient stays in the past year - enrol in care-coordination programme | High comorbidity burden (9+ diagnoses) - consider multidisciplinary review | Prolonged stay (8+ days) - confirm clinical stability before discharge | Polypharmacy (25+ medications) - pharmacist review,Review before discharge; follow-up visit within 7 days; case-manager call,0
184657854,23247333,Other,75,Female,0.642,HIGH,2,2+ inpatient stays in the past year - enrol in care-coordination programme | High comorbidity burden (9+ diagnoses) - consider multidisciplinary review,Review before discharge; follow-up visit within 7 days; case-manager call,0
264364656,41006700,Circulatory,75,Male,0.642,HIGH,3,2+ inpatient stays in the past year - enrol in care-coordination programme | High comorbidity burden (9+ diagnoses) - consider multidisciplinary review | High risk and discharged home - arrange follow-up call within 48-72 hours,Review before discharge; follow-up visit within 7 days; case-manager call,0
140648106,23785056,Circulatory,75,Female,0.642,HIGH,3,2+ inpatient stays in the past year - enrol in care-coordination programme | High comorbidity burden (9+ diagnoses) - consider multidisciplinary review | Prolonged stay (8+ days) - confirm clinical stability before discharge,Review before discharge; follow-up visit within 7 days; case-manager call,0
156563664,65567619,Injury,75,Male,0.642,HIGH,3,2+ inpatient stays in the past year - enrol in care-coordination programme | High comorbidity burden (9+ diagnoses) - consider multidisciplinary review | Polypharmacy (25+ medications) - pharmacist review,Review before discharge; follow-up visit within 7 days; case-manager call,1
80885616,4765626,Other,75,Female,0.642,HIGH,3,2+ inpatient stays in the past year - enrol in care-coordination programme | Polypharmacy (25+ medications) - pharmacist review | High risk and discharged home - arrange follow-up call within 48-72 hours,Review before discharge; follow-up visit within 7 days; case-manager call,0
9618930,21662793,Diabetes,55,Male,0.642,HIGH,2,Diabetes medication dose changed this admission - medication reconciliation and patient education | High comorbidity burden (9+ diagnoses) - consider multidisciplinary review,Review before discharge; follow-up visit within 7 days; case-manager call,0
88570296,107139357,Circulatory,65,Female,0.642,HIGH,2,2+ inpatient stays in the past year - enrol in care-coordination programme | High comorbidity burden (9+ diagnoses) - consider multidisciplinary review,Review before discharge; follow-up visit within 7 days; case-manager call,0
196783854,115009740,Circulatory,45,Male,0.642,HIGH,3,2+ inpatient stays in the past year - enrol in care-coordination programme | Diabetes medication dose changed this admission - medication reconciliation and patient education | High risk and discharged home - arrange follow-up call within 48-72 hours,Review before discharge; follow-up visit within 7 days; case-manager call,0
268330770,106757478,Digestive,95,Female,0.642,HIGH,1,2+ inpatient stays in the past year - enrol in care-coordination programme,Review before discharge; follow-up visit within 7 days; case-manager call,0
396167324,38296395,Other,45,Female,0.642,HIGH,3,2+ inpatient stays in the past year - enrol in care-coordination programme | High comorbidity burden (9+ diagnoses) - consider multidisciplinary review | High risk and discharged home - arrange follow-up call within 48-72 hours,Review before discharge; follow-up visit within 7 days; case-manager call,0
228320124,40463082,Other,85,Female,0.642,HIGH,2,2+ inpatient stays in the past year - enrol in care-coordination programme | Prolonged stay (8+ days) - confirm clinical stability before discharge,Review before discharge; follow-up visit within 7 days; case-manager call,0
180568710,43332093,Other,55,Male,0.641,HIGH,2,2+ inpatient stays in the past year - enrol in care-coordination programme | High comorbidity burden (9+ diagnoses) - consider multidisciplinary review,Review before discharge; follow-up visit within 7 days; case-manager call,0
330114158,101842893,Other,85,Male,0.641,HIGH,2,2+ inpatient stays in the past year - enrol in care-coordination programme | High comorbidity burden (9+ diagnoses) - consider multidisciplinary review,Review before discharge; follow-up visit within 7 days; case-manager call,0
42358482,99843984,Circulatory,85,Female,0.641,HIGH,4,2+ inpatient stays in the past year - enrol in care-coordination programme | Diabetes medication dose changed this admission - medication reconciliation and patient education | Prolonged stay (8+ days) - confirm clinical stability before discharge | Polypharmacy (25+ medications) - pharmacist review,Review before discharge; follow-up visit within 7 days; case-manager call,0
226672890,42080724,Circulatory,65,Male,0.641,HIGH,3,2+ inpatient stays in the past year - enrol in care-coordination programme | High comorbidity burden (9+ diagnoses) - consider multidisciplinary review | High risk and discharged home - arrange follow-up call within 48-72 hours,Review before discharge; follow-up visit within 7 days; case-manager call,0
96728544,52324758,Neoplasms,75,Male,0.641,HIGH,3,2+ inpatient stays in the past year - enrol in care-coordination programme | High comorbidity burden (9+ diagnoses) - consider multidisciplinary review | Prolonged stay (8+ days) - confirm clinical stability before discharge,Review before discharge; follow-up visit within 7 days; case-manager call,0
290587722,94466673,Other,65,Female,0.641,HIGH,2,2+ inpatient stays in the past year - enrol in care-coordination programme | High comorbidity burden (9+ diagnoses) - consider multidisciplinary review,Review before discharge; follow-up visit within 7 days; case-manager call,0
8306148,5041602,Genitourinary,75,Female,0.641,HIGH,2,2+ inpatient stays in the past year - enrol in care-coordination programme | Prolonged stay (8+ days) - confirm clinical stability before discharge,Review before discharge; follow-up visit within 7 days; case-manager call,1
290212056,85029048,Diabetes,35,Male,0.641,HIGH,5,"2+ inpatient stays in the past year - enrol in care-coordination programme | 2+ emergency visits in the past year - review outpatient access and follow-up plan | HbA1c above 8% - poor glycaemic control, consider treatment review / endocrine follow-up | High comorbidity burden (9+ diagnoses) - consider multidisciplinary review | High risk and discharged home - arrange follow-up call within 48-72 hours",Review before discharge; follow-up visit within 7 days; case-manager call,0
195233394,33450138,Circulatory,85,Female,0.641,HIGH,3,2+ inpatient stays in the past year - enrol in care-coordination programme | Diabetes medication dose changed this admission - medication reconciliation and patient education | High comorbidity burden (9+ diagnoses) - consider multidisciplinary review,Review before discharge; follow-up visit within 7 days; case-manager call,0
251542620,49947759,Respiratory,75,Female,0.641,HIGH,2,2+ inpatient stays in the past year - enrol in care-coordination programme | High comorbidity burden (9+ diagnoses) - consider multidisciplinary review,Review before discharge; follow-up visit within 7 days; case-manager call,0
151594968,40428918,Injury,65,Female,0.641,HIGH,3,2+ inpatient stays in the past year - enrol in care-coordination programme | Prolonged stay (8+ days) - confirm clinical stability before discharge | Polypharmacy (25+ medications) - pharmacist review,Review before discharge; follow-up visit within 7 days; case-manager call,0
255199080,90050157,Circulatory,55,Female,0.641,HIGH,5,2+ inpatient stays in the past year - enrol in care-coordination programme | Diabetes medication dose changed this admission - medication reconciliation and patient education | High comorbidity burden (9+ diagnoses) - consider multidisciplinary review | Polypharmacy (25+ medications) - pharmacist review | High risk and discharged home - arrange follow-up call within 48-72 hours,Review before discharge; follow-up visit within 7 days; case-manager call,1
368449154,32906232,Other,55,Female,0.641,HIGH,3,2+ inpatient stays in the past year - enrol in care-coordination programme | High comorbidity burden (9+ diagnoses) - consider multidisciplinary review | High risk and discharged home - arrange follow-up call within 48-72 hours,Review before discharge; follow-up visit within 7 days; case-manager call,1
167602518,69881517,Respiratory,55,Male,0.641,HIGH,5,2+ inpatient stays in the past year - enrol in care-coordination programme | Diabetes medication dose changed this admission - medication reconciliation and patient education | High comorbidity burden (9+ diagnoses) - consider multidisciplinary review | Polypharmacy (25+ medications) - pharmacist review | High risk and discharged home - arrange follow-up call within 48-72 hours,Review before discharge; follow-up visit within 7 days; case-manager call,0
184589796,59296194,Diabetes,55,Female,0.641,HIGH,3,2+ inpatient stays in the past year - enrol in care-coordination programme | High comorbidity burden (9+ diagnoses) - consider multidisciplinary review | Polypharmacy (25+ medications) - pharmacist review,Review before discharge; follow-up visit within 7 days; case-manager call,0
64147536,16227756,Respiratory,75,Female,0.641,HIGH,1,2+ inpatient stays in the past year - enrol in care-coordination programme,Review before discharge; follow-up visit within 7 days; case-manager call,1
279584886,59363244,Other,85,Female,0.641,HIGH,2,2+ inpatient stays in the past year - enrol in care-coordination programme | High comorbidity burden (9+ diagnoses) - consider multidisciplinary review,Review before discharge; follow-up visit within 7 days; case-manager call,1
65109000,9989757,Circulatory,85,Female,0.64,HIGH,2,2+ inpatient stays in the past year - enrol in care-coordination programme | High comorbidity burden (9+ diagnoses) - consider multidisciplinary review,Review before discharge; follow-up visit within 7 days; case-manager call,0
265103262,84358908,Respiratory,65,Female,0.64,HIGH,4,2+ inpatient stays in the past year - enrol in care-coordination programme | High comorbidity burden (9+ diagnoses) - consider multidisciplinary review | Prolonged stay (8+ days) - confirm clinical stability before discharge | Polypharmacy (25+ medications) - pharmacist review,Review before discharge; follow-up visit within 7 days; case-manager call,0
149718828,23785056,Other,75,Female,0.64,HIGH,5,2+ inpatient stays in the past year - enrol in care-coordination programme | 2+ emergency visits in the past year - review outpatient access and follow-up plan | High comorbidity burden (9+ diagnoses) - consider multidisciplinary review | Prolonged stay (8+ days) - confirm clinical stability before discharge | Polypharmacy (25+ medications) - pharmacist review,Review before discharge; follow-up visit within 7 days; case-manager call,0
231547266,235737,Injury,65,Female,0.64,HIGH,2,2+ inpatient stays in the past year - enrol in care-coordination programme | High comorbidity burden (9+ diagnoses) - consider multidisciplinary review,Review before discharge; follow-up visit within 7 days; case-manager call,1
244862766,57250017,Circulatory,85,Female,0.64,HIGH,4,2+ inpatient stays in the past year - enrol in care-coordination programme | High comorbidity burden (9+ diagnoses) - consider multidisciplinary review | Prolonged stay (8+ days) - confirm clinical stability before discharge | Polypharmacy (25+ medications) - pharmacist review,Review before discharge; follow-up visit within 7 days; case-manager call,0
110200638,99231444,Other,65,Female,0.64,HIGH,3,Diabetes medication dose changed this admission - medication reconciliation and patient education | High comorbidity burden (9+ diagnoses) - consider multidisciplinary review | Prolonged stay (8+ days) - confirm clinical stability before discharge,Review before discharge; follow-up visit within 7 days; case-manager call,1
270672618,56741976,Circulatory,75,Female,0.64,HIGH,3,2+ inpatient stays in the past year - enrol in care-coordination programme | High comorbidity burden (9+ diagnoses) - consider multidisciplinary review | Prolonged stay (8+ days) - confirm clinical stability before discharge,Review before discharge; follow-up visit within 7 days; case-manager call,0
180911874,5785695,Other,45,Female,0.64,HIGH,3,2+ inpatient stays in the past year - enrol in care-coordination programme | 2+ emergency visits in the past year - review outpatient access and follow-up plan | High comorbidity burden (9+ diagnoses) - consider multidisciplinary review,Review before discharge; follow-up visit within 7 days; case-manager call,0
61167120,20098287,Other,45,Female,0.64,HIGH,2,2+ inpatient stays in the past year - enrol in care-coordination programme | High comorbidity burden (9+ diagnoses) - consider multidisciplinary review,Review before discharge; follow-up visit within 7 days; case-manager call,0
64587294,1657485,Circulatory,65,Male,0.64,HIGH,2,2+ inpatient stays in the past year - enrol in care-coordination programme | Prolonged stay (8+ days) - confirm clinical stability before discharge,Review before discharge; follow-up visit within 7 days; case-manager call,0
41377386,111769092,Other,75,Male,0.64,HIGH,3,2+ inpatient stays in the past year - enrol in care-coordination programme | High comorbidity burden (9+ diagnoses) - consider multidisciplinary review | Prolonged stay (8+ days) - confirm clinical stability before discharge,Review before discharge; follow-up visit within 7 days; case-manager call,0
66990720,1993716,Other,65,Female,0.64,HIGH,1,2+ inpatient stays in the past year - enrol in care-coordination programme,Review before discharge; follow-up visit within 7 days; case-manager call,0
173974488,38081241,Circulatory,75,Female,0.64,HIGH,3,2+ inpatient stays in the past year - enrol in care-coordination programme | High comorbidity burden (9+ diagnoses) - consider multidisciplinary review | Prolonged stay (8+ days) - confirm clinical stability before discharge,Review before discharge; follow-up visit within 7 days; case-manager call,0
41519910,65451843,Circulatory,75,Male,0.64,HIGH,3,2+ inpatient stays in the past year - enrol in care-coordination programme | Diabetes medication dose changed this admission - medication reconciliation and patient education | High risk and discharged home - arrange follow-up call within 48-72 hours,Review before discharge; follow-up visit within 7 days; case-manager call,0
179835084,40949055,Other,45,Male,0.64,HIGH,1,Diabetes medication dose changed this admission - medication reconciliation and patient education,Review before discharge; follow-up visit within 7 days; case-manager call,1
168426240,98843184,Circulatory,95,Male,0.64,HIGH,3,2+ inpatient stays in the past year - enrol in care-coordination programme | Diabetes medication dose changed this admission - medication reconciliation and patient education | High comorbidity burden (9+ diagnoses) - consider multidisciplinary review,Review before discharge; follow-up visit within 7 days; case-manager call,0
234836730,39501135,Circulatory,85,Male,0.64,HIGH,3,2+ inpatient stays in the past year - enrol in care-coordination programme | High comorbidity burden (9+ diagnoses) - consider multidisciplinary review | High risk and discharged home - arrange follow-up call within 48-72 hours,Review before discharge; follow-up visit within 7 days; case-manager call,1
276035958,44934390,Circulatory,45,Female,0.64,HIGH,7,2+ inpatient stays in the past year - enrol in care-coordination programme | 2+ emergency visits in the past year - review outpatient access and follow-up plan | Diabetes medication dose changed this admission - medication reconciliation and patient education | High comorbidity burden (9+ diagnoses) - consider multidisciplinary review | Prolonged stay (8+ days) - confirm clinical stability before discharge | Polypharmacy (25+ medications) - pharmacist review | High risk and discharged home - arrange follow-up call within 48-72 hours,Review before discharge; follow-up visit within 7 days; case-manager call,0
152873850,24777747,Diabetes,55,Female,0.639,HIGH,3,2+ inpatient stays in the past year - enrol in care-coordination programme | Diabetes medication dose changed this admission - medication reconciliation and patient education | High risk and discharged home - arrange follow-up call within 48-72 hours,Review before discharge; follow-up visit within 7 days; case-manager call,0
200459874,38357937,Respiratory,65,Female,0.639,HIGH,4,2+ inpatient stays in the past year - enrol in care-coordination programme | Diabetes medication dose changed this admission - medication reconciliation and patient education | High comorbidity burden (9+ diagnoses) - consider multidisciplinary review | Polypharmacy (25+ medications) - pharmacist review,Review before discharge; follow-up visit within 7 days; case-manager call,0
168270846,114713712,Respiratory,65,Female,0.639,HIGH,4,2+ inpatient stays in the past year - enrol in care-coordination programme | Diabetes medication dose changed this admission - medication reconciliation and patient education | High comorbidity burden (9+ diagnoses) - consider multidisciplinary review | Polypharmacy (25+ medications) - pharmacist review,Review before discharge; follow-up visit within 7 days; case-manager call,0
87684006,6883434,Respiratory,35,Male,0.639,HIGH,2,2+ inpatient stays in the past year - enrol in care-coordination programme | High comorbidity burden (9+ diagnoses) - consider multidisciplinary review,Review before discharge; follow-up visit within 7 days; case-manager call,0
279913314,87419277,Diabetes,65,Male,0.639,HIGH,4,Diabetes medication dose changed this admission - medication reconciliation and patient education | High comorbidity burden (9+ diagnoses) - consider multidisciplinary review | Prolonged stay (8+ days) - confirm clinical stability before discharge | Polypharmacy (25+ medications) - pharmacist review,Review before discharge; follow-up visit within 7 days; case-manager call,1
85643172,1565163,Other,35,Male,0.639,HIGH,4,"2+ inpatient stays in the past year - enrol in care-coordination programme | HbA1c above 8% - poor glycaemic control, consider treatment review / endocrine follow-up | Diabetes medication dose changed this admission - medication reconciliation and patient education | High risk and discharged home - arrange follow-up call within 48-72 hours",Review before discharge; follow-up visit within 7 days; case-manager call,0
233839416,91000287,Diabetes,45,Female,0.639,HIGH,2,2+ inpatient stays in the past year - enrol in care-coordination programme | High risk and discharged home - arrange follow-up call within 48-72 hours,Review before discharge; follow-up visit within 7 days; case-manager call,0
223034730,101372157,Circulatory,55,Female,0.639,HIGH,2,2+ inpatient stays in the past year - enrol in care-coordination programme | High comorbidity burden (9+ diagnoses) - consider multidisciplinary review,Review before discharge; follow-up visit within 7 days; case-manager call,0
148327260,114490530,Circulatory,75,Female,0.639,HIGH,3,Diabetes medication dose changed this admission - medication reconciliation and patient education | High comorbidity burden (9+ diagnoses) - consider multidisciplinary review | Prolonged stay (8+ days) - confirm clinical stability before discharge,Review before discharge; follow-up visit within 7 days; case-manager call,1
47728344,19316196,Digestive,85,Female,0.639,HIGH,1,2+ inpatient stays in the past year - enrol in care-coordination programme,Review before discharge; follow-up visit within 7 days; case-manager call,0
51731412,4251672,Other,65,Male,0.639,HIGH,2,2+ inpatient stays in the past year - enrol in care-coordination programme | Prolonged stay (8+ days) - confirm clinical stability before discharge,Review before discharge; follow-up visit within 7 days; case-manager call,0
315581810,29412864,Other,85,Male,0.639,HIGH,2,2+ inpatient stays in the past year - enrol in care-coordination programme | High comorbidity burden (9+ diagnoses) - consider multidisciplinary review,Review before discharge; follow-up visit within 7 days; case-manager call,0
287774550,84393801,Injury,75,Male,0.638,HIGH,4,2+ inpatient stays in the past year - enrol in care-coordination programme | High comorbidity burden (9+ diagnoses) - consider multidisciplinary review | Prolonged stay (8+ days) - confirm clinical stability before discharge | Polypharmacy (25+ medications) - pharmacist review,Review before discharge; follow-up visit within 7 days; case-manager call,1
82667616,20892348,Diabetes,55,Male,0.638,HIGH,1,2+ inpatient stays in the past year - enrol in care-coordination programme,Review before discharge; follow-up visit within 7 days; case-manager call,0
177326196,23252634,Circulatory,75,Male,0.638,HIGH,4,2+ inpatient stays in the past year - enrol in care-coordination programme | Diabetes medication dose changed this admission - medication reconciliation and patient education | Polypharmacy (25+ medications) - pharmacist review | High risk and discharged home - arrange follow-up call within 48-72 hours,Review before discharge; follow-up visit within 7 days; case-manager call,0
115604850,63413559,Digestive,35,Female,0.638,HIGH,2,2+ inpatient stays in the past year - enrol in care-coordination programme | High comorbidity burden (9+ diagnoses) - consider multidisciplinary review,Review before discharge; follow-up visit within 7 days; case-manager call,1
38468742,6193422,Other,55,Female,0.638,HIGH,1,2+ inpatient stays in the past year - enrol in care-coordination programme,Review before discharge; follow-up visit within 7 days; case-manager call,0
173681712,97388136,Circulatory,65,Female,0.638,HIGH,2,2+ inpatient stays in the past year - enrol in care-coordination programme | High comorbidity burden (9+ diagnoses) - consider multidisciplinary review,Review before discharge; follow-up visit within 7 days; case-manager call,0
287250882,105428934,Other,55,Female,0.638,HIGH,4,2+ emergency visits in the past year - review outpatient access and follow-up plan | High comorbidity burden (9+ diagnoses) - consider multidisciplinary review | Polypharmacy (25+ medications) - pharmacist review | High risk and discharged home - arrange follow-up call within 48-72 hours,Review before discharge; follow-up visit within 7 days; case-manager call,0
189530886,84439314,Genitourinary,85,Female,0.638,HIGH,3,Diabetes medication dose changed this admission - medication reconciliation and patient education | High comorbidity burden (9+ diagnoses) - consider multidisciplinary review | Polypharmacy (25+ medications) - pharmacist review,Review before discharge; follow-up visit within 7 days; case-manager call,0
231547452,85210353,Respiratory,85,Female,0.638,HIGH,3,2+ inpatient stays in the past year - enrol in care-coordination programme | High comorbidity burden (9+ diagnoses) - consider multidisciplinary review | Polypharmacy (25+ medications) - pharmacist review,Review before discharge; follow-up visit within 7 days; case-manager call,0
102827136,93948777,Circulatory,85,Female,0.638,HIGH,4,2+ inpatient stays in the past year - enrol in care-coordination programme | High comorbidity burden (9+ diagnoses) - consider multidisciplinary review | Prolonged stay (8+ days) - confirm clinical stability before discharge | Polypharmacy (25+ medications) - pharmacist review,Review before discharge; follow-up visit within 7 days; case-manager call,0
197971572,51521940,Other,85,Male,0.638,HIGH,2,2+ inpatient stays in the past year - enrol in care-coordination programme | High comorbidity burden (9+ diagnoses) - consider multidisciplinary review,Review before discharge; follow-up visit within 7 days; case-manager call,0
87099240,23643405,Digestive,25,Female,0.638,HIGH,4,2+ inpatient stays in the past year - enrol in care-coordination programme | 2+ emergency visits in the past year - review outpatient access and follow-up plan | Diabetes medication dose changed this admission - medication reconciliation and patient education | High risk and discharged home - arrange follow-up call within 48-72 hours,Review before discharge; follow-up visit within 7 days; case-manager call,1
169755426,43356447,Circulatory,65,Male,0.638,HIGH,3,2+ inpatient stays in the past year - enrol in care-coordination programme | Prolonged stay (8+ days) - confirm clinical stability before discharge | Polypharmacy (25+ medications) - pharmacist review,Review before discharge; follow-up visit within 7 days; case-manager call,0
204833928,43332093,Injury,55,Male,0.638,HIGH,2,2+ inpatient stays in the past year - enrol in care-coordination programme | High comorbidity burden (9+ diagnoses) - consider multidisciplinary review,Review before discharge; follow-up visit within 7 days; case-manager call,0
378494324,88813107,Diabetes,75,Female,0.638,HIGH,4,2+ inpatient stays in the past year - enrol in care-coordination programme | 2+ emergency visits in the past year - review outpatient access and follow-up plan | Diabetes medication dose changed this admission - medication reconciliation and patient education | High comorbidity burden (9+ diagnoses) - consider multidisciplinary review,Review before discharge; follow-up visit within 7 days; case-manager call,0
150065316,58356459,Circulatory,65,Male,0.638,HIGH,3,2+ inpatient stays in the past year - enrol in care-coordination programme | 2+ emergency visits in the past year - review outpatient access and follow-up plan | High risk and discharged home - arrange follow-up call within 48-72 hours,Review before discharge; follow-up visit within 7 days; case-manager call,0
32454642,79008543,Other,65,Female,0.637,HIGH,2,2+ inpatient stays in the past year - enrol in care-coordination programme | High risk and discharged home - arrange follow-up call within 48-72 hours,Review before discharge; follow-up visit within 7 days; case-manager call,0
297799022,112326219,Digestive,85,Female,0.637,HIGH,3,2+ inpatient stays in the past year - enrol in care-coordination programme | Diabetes medication dose changed this admission - medication reconciliation and patient education | High comorbidity burden (9+ diagnoses) - consider multidisciplinary review,Review before discharge; follow-up visit within 7 days; case-manager call,0
167166144,91976013,Circulatory,85,Female,0.637,HIGH,4,2+ inpatient stays in the past year - enrol in care-coordination programme | High comorbidity burden (9+ diagnoses) - consider multidisciplinary review | Prolonged stay (8+ days) - confirm clinical stability before discharge | Polypharmacy (25+ medications) - pharmacist review,Review before discharge; follow-up visit within 7 days; case-manager call,0
162872772,23318703,Other,75,Male,0.637,HIGH,2,2+ emergency visits in the past year - review outpatient access and follow-up plan | Diabetes medication dose changed this admission - medication reconciliation and patient education,Review before discharge; follow-up visit within 7 days; case-manager call,0
97987902,12529116,Injury,65,Female,0.637,HIGH,2,2+ inpatient stays in the past year - enrol in care-coordination programme | High comorbidity burden (9+ diagnoses) - consider multidisciplinary review,Review before discharge; follow-up visit within 7 days; case-manager call,0
63657090,107905977,Other,85,Female,0.637,HIGH,4,2+ inpatient stays in the past year - enrol in care-coordination programme | Diabetes medication dose changed this admission - medication reconciliation and patient education | Prolonged stay (8+ days) - confirm clinical stability before discharge | Polypharmacy (25+ medications) - pharmacist review,Review before discharge; follow-up visit within 7 days; case-manager call,0
151757670,23906196,Diabetes,55,Male,0.637,HIGH,5,2+ inpatient stays in the past year - enrol in care-coordination programme | 2+ emergency visits in the past year - review outpatient access and follow-up plan | Diabetes medication dose changed this admission - medication reconciliation and patient education | High comorbidity burden (9+ diagnoses) - consider multidisciplinary review | Prolonged stay (8+ days) - confirm clinical stability before discharge,Review before discharge; follow-up visit within 7 days; case-manager call,0
186764886,87889734,Digestive,45,Female,0.637,HIGH,3,2+ inpatient stays in the past year - enrol in care-coordination programme | Diabetes medication dose changed this admission - medication reconciliation and patient education | High risk and discharged home - arrange follow-up call within 48-72 hours,Review before discharge; follow-up visit within 7 days; case-manager call,1
50829558,8041437,Circulatory,75,Female,0.637,HIGH,4,2+ inpatient stays in the past year - enrol in care-coordination programme | High comorbidity burden (9+ diagnoses) - consider multidisciplinary review | Prolonged stay (8+ days) - confirm clinical stability before discharge | High risk and discharged home - arrange follow-up call within 48-72 hours,Review before discharge; follow-up visit within 7 days; case-manager call,0
197711442,72801936,Other,75,Female,0.637,HIGH,2,2+ inpatient stays in the past year - enrol in care-coordination programme | High comorbidity burden (9+ diagnoses) - consider multidisciplinary review,Review before discharge; follow-up visit within 7 days; case-manager call,0
72221022,12704715,Diabetes,75,Male,0.637,HIGH,1,2+ inpatient stays in the past year - enrol in care-coordination programme,Review before discharge; follow-up visit within 7 days; case-manager call,1
96530244,80026578,Injury,65,Female,0.637,HIGH,4,2+ inpatient stays in the past year - enrol in care-coordination programme | High comorbidity burden (9+ diagnoses) - consider multidisciplinary review | Polypharmacy (25+ medications) - pharmacist review | High risk and discharged home - arrange follow-up call within 48-72 hours,Review before discharge; follow-up visit within 7 days; case-manager call,1
81097350,70286868,Circulatory,65,Male,0.637,HIGH,3,2+ inpatient stays in the past year - enrol in care-coordination programme | High comorbidity burden (9+ diagnoses) - consider multidisciplinary review | Polypharmacy (25+ medications) - pharmacist review,Review before discharge; follow-up visit within 7 days; case-manager call,0
102069222,23199021,Respiratory,55,Male,0.637,HIGH,3,2+ inpatient stays in the past year - enrol in care-coordination programme | 2+ emergency visits in the past year - review outpatient access and follow-up plan | High risk and discharged home - arrange follow-up call within 48-72 hours,Review before discharge; follow-up visit within 7 days; case-manager call,1
163414824,59458122,Circulatory,65,Male,0.637,HIGH,1,2+ inpatient stays in the past year - enrol in care-coordination programme,Review before discharge; follow-up visit within 7 days; case-manager call,0
278133750,57440115,Diabetes,45,Male,0.637,HIGH,3,2+ inpatient stays in the past year - enrol in care-coordination programme | Diabetes medication dose changed this admission - medication reconciliation and patient education | High risk and discharged home - arrange follow-up call within 48-72 hours,Review before discharge; follow-up visit within 7 days; case-manager call,0
421983428,88372575,Neoplasms,75,Female,0.637,HIGH,3,2+ inpatient stays in the past year - enrol in care-coordination programme | High comorbidity burden (9+ diagnoses) - consider multidisciplinary review | High risk and discharged home - arrange follow-up call within 48-72 hours,Review before discharge; follow-up visit within 7 days; case-manager call,0
210621300,84413232,Circulatory,75,Male,0.637,HIGH,3,2+ emergency visits in the past year - review outpatient access and follow-up plan | High comorbidity burden (9+ diagnoses) - consider multidisciplinary review | High risk and discharged home - arrange follow-up call within 48-72 hours,Review before discharge; follow-up visit within 7 days; case-manager call,1
219629250,47724669,Digestive,45,Male,0.636,HIGH,2,2+ emergency visits in the past year - review outpatient access and follow-up plan | High risk and discharged home - arrange follow-up call within 48-72 hours,Review before discharge; follow-up visit within 7 days; case-manager call,0
310159844,41868351,Respiratory,95,Male,0.636,HIGH,4,2+ inpatient stays in the past year - enrol in care-coordination programme | Diabetes medication dose changed this admission - medication reconciliation and patient education | High comorbidity burden (9+ diagnoses) - consider multidisciplinary review | Prolonged stay (8+ days) - confirm clinical stability before discharge,Review before discharge; follow-up visit within 7 days; case-manager call,0
49433436,5159286,Diabetes,65,Male,0.636,HIGH,4,"2+ inpatient stays in the past year - enrol in care-coordination programme | HbA1c above 8% - poor glycaemic control, consider treatment review / endocrine follow-up | High comorbidity burden (9+ diagnoses) - consider multidisciplinary review | High risk and discharged home - arrange follow-up call within 48-72 hours",Review before discharge; follow-up visit within 7 days; case-manager call,1
252485994,90725112,Respiratory,75,Female,0.636,HIGH,5,2+ inpatient stays in the past year - enrol in care-coordination programme | 2+ emergency visits in the past year - review outpatient access and follow-up plan | Diabetes medication dose changed this admission - medication reconciliation and patient education | High comorbidity burden (9+ diagnoses) - consider multidisciplinary review | Prolonged stay (8+ days) - confirm clinical stability before discharge,Review before discharge; follow-up visit within 7 days; case-manager call,0
117951414,167184,Circulatory,75,Female,0.636,HIGH,2,2+ inpatient stays in the past year - enrol in care-coordination programme | High comorbidity burden (9+ diagnoses) - consider multidisciplinary review,Review before discharge; follow-up visit within 7 days; case-manager call,0
276943488,49811742,Diabetes,55,Female,0.636,HIGH,4,"2+ inpatient stays in the past year - enrol in care-coordination programme | HbA1c above 8% - poor glycaemic control, consider treatment review / endocrine follow-up | Diabetes medication dose changed this admission - medication reconciliation and patient education | High comorbidity burden (9+ diagnoses) - consider multidisciplinary review",Review before discharge; follow-up visit within 7 days; case-manager call,1
19423404,13041,Circulatory,65,Female,0.636,HIGH,5,2+ inpatient stays in the past year - enrol in care-coordination programme | Diabetes medication dose changed this admission - medication reconciliation and patient education | High comorbidity burden (9+ diagnoses) - consider multidisciplinary review | Polypharmacy (25+ medications) - pharmacist review | High risk and discharged home - arrange follow-up call within 48-72 hours,Review before discharge; follow-up visit within 7 days; case-manager call,0
341919908,86313609,Respiratory,65,Female,0.636,HIGH,4,2+ inpatient stays in the past year - enrol in care-coordination programme | High comorbidity burden (9+ diagnoses) - consider multidisciplinary review | Prolonged stay (8+ days) - confirm clinical stability before discharge | High risk and discharged home - arrange follow-up call within 48-72 hours,Review before discharge; follow-up visit within 7 days; case-manager call,0
173900820,91776843,Respiratory,55,Male,0.636,HIGH,3,2+ inpatient stays in the past year - enrol in care-coordination programme | High comorbidity burden (9+ diagnoses) - consider multidisciplinary review | High risk and discharged home - arrange follow-up call within 48-72 hours,Review before discharge; follow-up visit within 7 days; case-manager call,0
179941512,59664996,Diabetes,55,Male,0.636,HIGH,4,2+ inpatient stays in the past year - enrol in care-coordination programme | 2+ emergency visits in the past year - review outpatient access and follow-up plan | Diabetes medication dose changed this admission - medication reconciliation and patient education | High risk and discharged home - arrange follow-up call within 48-72 hours,Review before discharge; follow-up visit within 7 days; case-manager call,0
115136370,51796008,Other,75,Female,0.636,HIGH,4,2+ inpatient stays in the past year - enrol in care-coordination programme | 2+ emergency visits in the past year - review outpatient access and follow-up plan | Diabetes medication dose changed this admission - medication reconciliation and patient education | High comorbidity burden (9+ diagnoses) - consider multidisciplinary review,Review before discharge; follow-up visit within 7 days; case-manager call,0
151881198,23297490,Injury,95,Male,0.636,HIGH,4,2+ inpatient stays in the past year - enrol in care-coordination programme | Diabetes medication dose changed this admission - medication reconciliation and patient education | Prolonged stay (8+ days) - confirm clinical stability before discharge | Polypharmacy (25+ medications) - pharmacist review,Review before discharge; follow-up visit within 7 days; case-manager call,0
77682222,19611765,Digestive,45,Male,0.636,HIGH,4,2+ inpatient stays in the past year - enrol in care-coordination programme | Diabetes medication dose changed this admission - medication reconciliation and patient education | High comorbidity burden (9+ diagnoses) - consider multidisciplinary review | High risk and discharged home - arrange follow-up call within 48-72 hours,Review before discharge; follow-up visit within 7 days; case-manager call,0
189010368,101106009,Other,85,Male,0.636,HIGH,1,2+ inpatient stays in the past year - enrol in care-coordination programme,Review before discharge; follow-up visit within 7 days; case-manager call,0
40097370,10687086,Injury,75,Male,0.636,HIGH,2,2+ inpatient stays in the past year - enrol in care-coordination programme | High comorbidity burden (9+ diagnoses) - consider multidisciplinary review,Review before discharge; follow-up visit within 7 days; case-manager call,0
71464320,19160046,Respiratory,55,Female,0.636,HIGH,2,2+ inpatient stays in the past year - enrol in care-coordination programme | High comorbidity burden (9+ diagnoses) - consider multidisciplinary review,Review before discharge; follow-up visit within 7 days; case-manager call,0
166865976,80618877,Other,85,Male,0.636,HIGH,4,2+ inpatient stays in the past year - enrol in care-coordination programme | High comorbidity burden (9+ diagnoses) - consider multidisciplinary review | Prolonged stay (8+ days) - confirm clinical stability before discharge | Polypharmacy (25+ medications) - pharmacist review,Review before discharge; follow-up visit within 7 days; case-manager call,0
158104902,70891839,Diabetes,45,Female,0.636,HIGH,3,Diabetes medication dose changed this admission - medication reconciliation and patient education | High comorbidity burden (9+ diagnoses) - consider multidisciplinary review | Prolonged stay (8+ days) - confirm clinical stability before discharge,Review before discharge; follow-up visit within 7 days; case-manager call,0
218181816,91000287,Diabetes,45,Female,0.636,HIGH,2,2+ inpatient stays in the past year - enrol in care-coordination programme | High risk and discharged home - arrange follow-up call within 48-72 hours,Review before discharge; follow-up visit within 7 days; case-manager call,0
43416030,53883279,Diabetes,35,Male,0.636,HIGH,5,2+ inpatient stays in the past year - enrol in care-coordination programme | Diabetes medication dose changed this admission - medication reconciliation and patient education | High comorbidity burden (9+ diagnoses) - consider multidisciplinary review | Prolonged stay (8+ days) - confirm clinical stability before discharge | Polypharmacy (25+ medications) - pharmacist review,Review before discharge; follow-up visit within 7 days; case-manager call,1
240029100,42868404,Respiratory,65,Male,0.636,HIGH,3,2+ inpatient stays in the past year - enrol in care-coordination programme | Diabetes medication dose changed this admission - medication reconciliation and patient education | High risk and discharged home - arrange follow-up call within 48-72 hours,Review before discharge; follow-up visit within 7 days; case-manager call,0
194560218,88844373,Diabetes,35,Female,0.636,HIGH,6,"2+ inpatient stays in the past year - enrol in care-coordination programme | 2+ emergency visits in the past year - review outpatient access and follow-up plan | HbA1c above 8% - poor glycaemic control, consider treatment review / endocrine follow-up | Diabetes medication dose changed this admission - medication reconciliation and patient education | High comorbidity burden (9+ diagnoses) - consider multidisciplinary review | High risk and discharged home - arrange follow-up call within 48-72 hours",Review before discharge; follow-up visit within 7 days; case-manager call,0
83493990,81798021,Diabetes,35,Female,0.636,HIGH,6,"2+ inpatient stays in the past year - enrol in care-coordination programme | HbA1c above 8% - poor glycaemic control, consider treatment review / endocrine follow-up | Diabetes medication dose changed this admission - medication reconciliation and patient education | High comorbidity burden (9+ diagnoses) - consider multidisciplinary review | Prolonged stay (8+ days) - confirm clinical stability before discharge | High risk and discharged home - arrange follow-up call within 48-72 hours",Review before discharge; follow-up visit within 7 days; case-manager call,1
276521970,98511021,Other,85,Female,0.636,HIGH,1,2+ inpatient stays in the past year - enrol in care-coordination programme,Review before discharge; follow-up visit within 7 days; case-manager call,1
253394070,39537999,Circulatory,85,Female,0.636,HIGH,4,2+ inpatient stays in the past year - enrol in care-coordination programme | Diabetes medication dose changed this admission - medication reconciliation and patient education | High comorbidity burden (9+ diagnoses) - consider multidisciplinary review | High risk and discharged home - arrange follow-up call within 48-72 hours,Review before discharge; follow-up visit within 7 days; case-manager call,0
376045238,44396541,Other,75,Male,0.636,HIGH,2,Diabetes medication dose changed this admission - medication reconciliation and patient education | High comorbidity burden (9+ diagnoses) - consider multidisciplinary review,Review before discharge; follow-up visit within 7 days; case-manager call,0
162101028,50841189,Other,85,Female,0.636,HIGH,3,2+ inpatient stays in the past year - enrol in care-coordination programme | High comorbidity burden (9+ diagnoses) - consider multidisciplinary review | Prolonged stay (8+ days) - confirm clinical stability before discharge,Review before discharge; follow-up visit within 7 days; case-manager call,0
166977408,98843184,Circulatory,95,Male,0.636,HIGH,3,2+ inpatient stays in the past year - enrol in care-coordination programme | Diabetes medication dose changed this admission - medication reconciliation and patient education | High comorbidity burden (9+ diagnoses) - consider multidisciplinary review,Review before discharge; follow-up visit within 7 days; case-manager call,1
35921724,73371627,Circulatory,85,Female,0.635,HIGH,3,2+ inpatient stays in the past year - enrol in care-coordination programme | High comorbidity burden (9+ diagnoses) - consider multidisciplinary review | High risk and discharged home - arrange follow-up call within 48-72 hours,Review before discharge; follow-up visit within 7 days; case-manager call,1
390235286,137145308,Musculoskeletal,55,Male,0.635,HIGH,1,2+ inpatient stays in the past year - enrol in care-coordination programme,Review before discharge; follow-up visit within 7 days; case-manager call,0
107279844,24544152,Circulatory,55,Female,0.635,HIGH,1,Diabetes medication dose changed this admission - medication reconciliation and patient education,Review before discharge; follow-up visit within 7 days; case-manager call,0
154785924,24954642,Respiratory,55,Male,0.635,HIGH,3,2+ inpatient stays in the past year - enrol in care-coordination programme | High comorbidity burden (9+ diagnoses) - consider multidisciplinary review | High risk and discharged home - arrange follow-up call within 48-72 hours,Review before discharge; follow-up visit within 7 days; case-manager call,0
229131372,103385304,Respiratory,65,Male,0.635,HIGH,4,2+ inpatient stays in the past year - enrol in care-coordination programme | Diabetes medication dose changed this admission - medication reconciliation and patient education | High comorbidity burden (9+ diagnoses) - consider multidisciplinary review | Polypharmacy (25+ medications) - pharmacist review,Review before discharge; follow-up visit within 7 days; case-manager call,0
145049934,96232392,Diabetes,75,Female,0.635,HIGH,1,2+ inpatient stays in the past year - enrol in care-coordination programme,Review before discharge; follow-up visit within 7 days; case-manager call,0
163358298,59456412,Other,55,Female,0.635,HIGH,2,Diabetes medication dose changed this admission - medication reconciliation and patient education | High comorbidity burden (9+ diagnoses) - consider multidisciplinary review,Review before discharge; follow-up visit within 7 days; case-manager call,0
33120744,1660293,Other,65,Female,0.635,HIGH,6,"2+ inpatient stays in the past year - enrol in care-coordination programme | HbA1c above 8% - poor glycaemic control, consider treatment review / endocrine follow-up | Diabetes medication dose changed this admission - medication reconciliation and patient education | High comorbidity burden (9+ diagnoses) - consider multidisciplinary review | Prolonged stay (8+ days) - confirm clinical stability before discharge | High risk and discharged home - arrange follow-up call within 48-72 hours",Review before discharge; follow-up visit within 7 days; case-manager call,1
7212504,81353088,Circulatory,25,Male,0.635,HIGH,3,2+ inpatient stays in the past year - enrol in care-coordination programme | High comorbidity burden (9+ diagnoses) - consider multidisciplinary review | High risk and discharged home - arrange follow-up call within 48-72 hours,Review before discharge; follow-up visit within 7 days; case-manager call,0
224378208,100143576,Digestive,75,Female,0.635,HIGH,3,2+ inpatient stays in the past year - enrol in care-coordination programme | High comorbidity burden (9+ diagnoses) - consider multidisciplinary review | Prolonged stay (8+ days) - confirm clinical stability before discharge,Review before discharge; follow-up visit within 7 days; case-manager call,0
235828524,87031557,Other,75,Female,0.635,HIGH,2,2+ inpatient stays in the past year - enrol in care-coordination programme | High comorbidity burden (9+ diagnoses) - consider multidisciplinary review,Review before discharge; follow-up visit within 7 days; case-manager call,1
68011848,5346981,Diabetes,85,Male,0.635,HIGH,4,2+ inpatient stays in the past year - enrol in care-coordination programme | High comorbidity burden (9+ diagnoses) - consider multidisciplinary review | Prolonged stay (8+ days) - confirm clinical stability before discharge | Polypharmacy (25+ medications) - pharmacist review,Review before discharge; follow-up visit within 7 days; case-manager call,0
53434638,399537,Circulatory,85,Male,0.635,HIGH,2,2+ inpatient stays in the past year - enrol in care-coordination programme | Prolonged stay (8+ days) - confirm clinical stability before discharge,Review before discharge; follow-up visit within 7 days; case-manager call,1
313124048,84554370,Respiratory,65,Female,0.635,HIGH,4,2+ inpatient stays in the past year - enrol in care-coordination programme | 2+ emergency visits in the past year - review outpatient access and follow-up plan | High comorbidity burden (9+ diagnoses) - consider multidisciplinary review | High risk and discharged home - arrange follow-up call within 48-72 hours,Review before discharge; follow-up visit within 7 days; case-manager call,0
331283600,74118384,Circulatory,75,Female,0.635,HIGH,3,2+ inpatient stays in the past year - enrol in care-coordination programme | High comorbidity burden (9+ diagnoses) - consider multidisciplinary review | Polypharmacy (25+ medications) - pharmacist review,Review before discharge; follow-up visit within 7 days; case-manager call,0
203026476,57250017,Other,85,Female,0.635,HIGH,3,2+ inpatient stays in the past year - enrol in care-coordination programme | High comorbidity burden (9+ diagnoses) - consider multidisciplinary review | High risk and discharged home - arrange follow-up call within 48-72 hours,Review before discharge; follow-up visit within 7 days; case-manager call,0
172300650,88533495,Diabetes,45,Male,0.635,HIGH,5,2+ inpatient stays in the past year - enrol in care-coordination programme | Diabetes medication dose changed this admission - medication reconciliation and patient education | High comorbidity burden (9+ diagnoses) - consider multidisciplinary review | Prolonged stay (8+ days) - confirm clinical stability before discharge | High risk and discharged home - arrange follow-up call within 48-72 hours,Review before discharge; follow-up visit within 7 days; case-manager call,0
188048550,94176243,Respiratory,85,Female,0.635,HIGH,2,2+ inpatient stays in the past year - enrol in care-coordination programme | High comorbidity burden (9+ diagnoses) - consider multidisciplinary review,Review before discharge; follow-up visit within 7 days; case-manager call,0
140928792,65566224,Other,75,Female,0.635,HIGH,3,2+ inpatient stays in the past year - enrol in care-coordination programme | High comorbidity burden (9+ diagnoses) - consider multidisciplinary review | Prolonged stay (8+ days) - confirm clinical stability before discharge,Review before discharge; follow-up visit within 7 days; case-manager call,0
131063982,98235252,Other,75,Female,0.635,HIGH,2,2+ inpatient stays in the past year - enrol in care-coordination programme | High comorbidity burden (9+ diagnoses) - consider multidisciplinary review,Review before discharge; follow-up visit within 7 days; case-manager call,0
283189596,43451685,Diabetes,85,Male,0.635,HIGH,2,2+ inpatient stays in the past year - enrol in care-coordination programme | Polypharmacy (25+ medications) - pharmacist review,Review before discharge; follow-up visit within 7 days; case-manager call,1
152126952,84492585,Circulatory,85,Male,0.635,HIGH,4,2+ inpatient stays in the past year - enrol in care-coordination programme | High comorbidity burden (9+ diagnoses) - consider multidisciplinary review | Polypharmacy (25+ medications) - pharmacist review | High risk and discharged home - arrange follow-up call within 48-72 hours,Review before discharge; follow-up visit within 7 days; case-manager call,0
98707950,4095954,Diabetes,75,Female,0.635,HIGH,2,2+ inpatient stays in the past year - enrol in care-coordination programme | Prolonged stay (8+ days) - confirm clinical stability before discharge,Review before discharge; follow-up visit within 7 days; case-manager call,0
280563126,97856856,Diabetes,75,Male,0.635,HIGH,3,2+ inpatient stays in the past year - enrol in care-coordination programme | 2+ emergency visits in the past year - review outpatient access and follow-up plan | High risk and discharged home - arrange follow-up call within 48-72 hours,Review before discharge; follow-up visit within 7 days; case-manager call,0
162648510,65359413,Respiratory,75,Male,0.634,HIGH,3,2+ inpatient stays in the past year - enrol in care-coordination programme | High comorbidity burden (9+ diagnoses) - consider multidisciplinary review | High risk and discharged home - arrange follow-up call within 48-72 hours,Review before discharge; follow-up visit within 7 days; case-manager call,0
270921960,43936722,Diabetes,75,Male,0.634,HIGH,2,2+ inpatient stays in the past year - enrol in care-coordination programme | High comorbidity burden (9+ diagnoses) - consider multidisciplinary review,Review before discharge; follow-up visit within 7 days; case-manager call,1
280236114,87065559,Respiratory,65,Female,0.634,HIGH,2,2+ inpatient stays in the past year - enrol in care-coordination programme | High comorbidity burden (9+ diagnoses) - consider multidisciplinary review,Review before discharge; follow-up visit within 7 days; case-manager call,0
16183920,3411342,Other,75,Male,0.634,HIGH,6,2+ inpatient stays in the past year - enrol in care-coordination programme | Diabetes medication dose changed this admission - medication reconciliation and patient education | High comorbidity burden (9+ diagnoses) - consider multidisciplinary review | Prolonged stay (8+ days) - confirm clinical stability before discharge | Polypharmacy (25+ medications) - pharmacist review | High risk and discharged home - arrange follow-up call within 48-72 hours,Review before discharge; follow-up visit within 7 days; case-manager call,0
193373016,84492585,Respiratory,85,Male,0.634,HIGH,3,2+ inpatient stays in the past year - enrol in care-coordination programme | High comorbidity burden (9+ diagnoses) - consider multidisciplinary review | High risk and discharged home - arrange follow-up call within 48-72 hours,Review before discharge; follow-up visit within 7 days; case-manager call,0
227510928,41456448,Injury,65,Female,0.634,HIGH,3,2+ inpatient stays in the past year - enrol in care-coordination programme | Diabetes medication dose changed this admission - medication reconciliation and patient education | Prolonged stay (8+ days) - confirm clinical stability before discharge,Review before discharge; follow-up visit within 7 days; case-manager call,0
246963402,114785856,Injury,75,Female,0.634,HIGH,3,2+ inpatient stays in the past year - enrol in care-coordination programme | High comorbidity burden (9+ diagnoses) - consider multidisciplinary review | Prolonged stay (8+ days) - confirm clinical stability before discharge,Review before discharge; follow-up visit within 7 days; case-manager call,1
38840670,8041437,Other,75,Female,0.634,HIGH,4,2+ inpatient stays in the past year - enrol in care-coordination programme | Diabetes medication dose changed this admission - medication reconciliation and patient education | High comorbidity burden (9+ diagnoses) - consider multidisciplinary review | High risk and discharged home - arrange follow-up call within 48-72 hours,Review before discharge; follow-up visit within 7 days; case-manager call,0
202998186,88042455,Circulatory,75,Female,0.634,HIGH,2,2+ inpatient stays in the past year - enrol in care-coordination programme | High comorbidity burden (9+ diagnoses) - consider multidisciplinary review,Review before discharge; follow-up visit within 7 days; case-manager call,0
163697388,63410265,Circulatory,65,Male,0.634,HIGH,1,Diabetes medication dose changed this admission - medication reconciliation and patient education,Review before discharge; follow-up visit within 7 days; case-manager call,0
252418188,68243418,Genitourinary,85,Female,0.634,HIGH,3,2+ inpatient stays in the past year - enrol in care-coordination programme | Diabetes medication dose changed this admission - medication reconciliation and patient education | High comorbidity burden (9+ diagnoses) - consider multidisciplinary review,Review before discharge; follow-up visit within 7 days; case-manager call,0
409152434,107216442,Circulatory,65,Female,0.634,HIGH,3,2+ inpatient stays in the past year - enrol in care-coordination programme | 2+ emergency visits in the past year - review outpatient access and follow-up plan | High comorbidity burden (9+ diagnoses) - consider multidisciplinary review,Review before discharge; follow-up visit within 7 days; case-manager call,0
105583452,24036237,Respiratory,75,Male,0.634,HIGH,3,2+ inpatient stays in the past year - enrol in care-coordination programme | High comorbidity burden (9+ diagnoses) - consider multidisciplinary review | Polypharmacy (25+ medications) - pharmacist review,Review before discharge; follow-up visit within 7 days; case-manager call,1
340771478,114713712,Other,75,Female,0.634,HIGH,3,2+ emergency visits in the past year - review outpatient access and follow-up plan | High comorbidity burden (9+ diagnoses) - consider multidisciplinary review | High risk and discharged home - arrange follow-up call within 48-72 hours,Review before discharge; follow-up visit within 7 days; case-manager call,1
352512356,41220999,Respiratory,95,Male,0.634,HIGH,3,2+ inpatient stays in the past year - enrol in care-coordination programme | Diabetes medication dose changed this admission - medication reconciliation and patient education | High risk and discharged home - arrange follow-up call within 48-72 hours,Review before discharge; follow-up visit within 7 days; case-manager call,1
144554430,90371673,Diabetes,75,Male,0.634,HIGH,4,2+ inpatient stays in the past year - enrol in care-coordination programme | Diabetes medication dose changed this admission - medication reconciliation and patient education | High comorbidity burden (9+ diagnoses) - consider multidisciplinary review | High risk and discharged home - arrange follow-up call within 48-72 hours,Review before discharge; follow-up visit within 7 days; case-manager call,0
213232236,88838019,Respiratory,35,Female,0.634,HIGH,6,2+ inpatient stays in the past year - enrol in care-coordination programme | 2+ emergency visits in the past year - review outpatient access and follow-up plan | Diabetes medication dose changed this admission - medication reconciliation and patient education | High comorbidity burden (9+ diagnoses) - consider multidisciplinary review | Polypharmacy (25+ medications) - pharmacist review | High risk and discharged home - arrange follow-up call within 48-72 hours,Review before discharge; follow-up visit within 7 days; case-manager call,0
230982240,80789220,Injury,55,Female,0.634,HIGH,2,2+ inpatient stays in the past year - enrol in care-coordination programme | High comorbidity burden (9+ diagnoses) - consider multidisciplinary review,Review before discharge; follow-up visit within 7 days; case-manager call,0
120264702,24529536,Injury,55,Male,0.634,HIGH,3,2+ inpatient stays in the past year - enrol in care-coordination programme | 2+ emergency visits in the past year - review outpatient access and follow-up plan | High risk and discharged home - arrange follow-up call within 48-72 hours,Review before discharge; follow-up visit within 7 days; case-manager call,0
91084878,58417542,Genitourinary,75,Male,0.634,HIGH,2,2+ inpatient stays in the past year - enrol in care-coordination programme | High risk and discharged home - arrange follow-up call within 48-72 hours,Review before discharge; follow-up visit within 7 days; case-manager call,0
263112168,91936395,Diabetes,65,Male,0.634,HIGH,2,2+ inpatient stays in the past year - enrol in care-coordination programme | High comorbidity burden (9+ diagnoses) - consider multidisciplinary review,Review before discharge; follow-up visit within 7 days; case-manager call,0
51865104,1119825,Circulatory,85,Male,0.634,HIGH,2,2+ inpatient stays in the past year - enrol in care-coordination programme | High comorbidity burden (9+ diagnoses) - consider multidisciplinary review,Review before discharge; follow-up visit within 7 days; case-manager call,1
134886264,23778369,Circulatory,65,Male,0.634,HIGH,2,Diabetes medication dose changed this admission - medication reconciliation and patient education | Polypharmacy (25+ medications) - pharmacist review,Review before discharge; follow-up visit within 7 days; case-manager call,0
94488042,47368251,Other,55,Male,0.634,HIGH,4,2+ inpatient stays in the past year - enrol in care-coordination programme | High comorbidity burden (9+ diagnoses) - consider multidisciplinary review | Prolonged stay (8+ days) - confirm clinical stability before discharge | High risk and discharged home - arrange follow-up call within 48-72 hours,Review before discharge; follow-up visit within 7 days; case-manager call,1
255200226,107652654,Circulatory,95,Female,0.633,HIGH,3,2+ inpatient stays in the past year - enrol in care-coordination programme | High comorbidity burden (9+ diagnoses) - consider multidisciplinary review | High risk and discharged home - arrange follow-up call within 48-72 hours,Review before discharge; follow-up visit within 7 days; case-manager call,0
156402174,23221602,Circulatory,75,Female,0.633,HIGH,1,2+ inpatient stays in the past year - enrol in care-coordination programme,Review before discharge; follow-up visit within 7 days; case-manager call,0
408512780,34556697,Other,85,Female,0.633,HIGH,4,2+ inpatient stays in the past year - enrol in care-coordination programme | Diabetes medication dose changed this admission - medication reconciliation and patient education | High comorbidity burden (9+ diagnoses) - consider multidisciplinary review | Polypharmacy (25+ medications) - pharmacist review,Review before discharge; follow-up visit within 7 days; case-manager call,0
96968418,76789539,Circulatory,65,Male,0.633,HIGH,3,2+ inpatient stays in the past year - enrol in care-coordination programme | High comorbidity burden (9+ diagnoses) - consider multidisciplinary review | High risk and discharged home - arrange follow-up call within 48-72 hours,Review before discharge; follow-up visit within 7 days; case-manager call,1
18649518,837414,Circulatory,75,Male,0.633,HIGH,1,2+ inpatient stays in the past year - enrol in care-coordination programme,Review before discharge; follow-up visit within 7 days; case-manager call,0
233751546,28350891,Respiratory,75,Female,0.633,HIGH,3,2+ inpatient stays in the past year - enrol in care-coordination programme | Diabetes medication dose changed this admission - medication reconciliation and patient education | High comorbidity burden (9+ diagnoses) - consider multidisciplinary review,Review before discharge; follow-up visit within 7 days; case-manager call,0
116222058,100425069,Diabetes,65,Male,0.633,HIGH,3,2+ inpatient stays in the past year - enrol in care-coordination programme | Diabetes medication dose changed this admission - medication reconciliation and patient education | High comorbidity burden (9+ diagnoses) - consider multidisciplinary review,Review before discharge; follow-up visit within 7 days; case-manager call,0
161401974,63962973,Other,65,Male,0.633,HIGH,3,2+ inpatient stays in the past year - enrol in care-coordination programme | High comorbidity burden (9+ diagnoses) - consider multidisciplinary review | High risk and discharged home - arrange follow-up call within 48-72 hours,Review before discharge; follow-up visit within 7 days; case-manager call,1
182180280,42471099,Other,85,Female,0.633,HIGH,1,Diabetes medication dose changed this admission - medication reconciliation and patient education,Review before discharge; follow-up visit within 7 days; case-manager call,0
437963144,59296194,Other,65,Female,0.633,HIGH,4,2+ inpatient stays in the past year - enrol in care-coordination programme | High comorbidity burden (9+ diagnoses) - consider multidisciplinary review | Prolonged stay (8+ days) - confirm clinical stability before discharge | Polypharmacy (25+ medications) - pharmacist review,Review before discharge; follow-up visit within 7 days; case-manager call,0
268227828,59363244,Injury,85,Female,0.633,HIGH,2,2+ inpatient stays in the past year - enrol in care-coordination programme | High comorbidity burden (9+ diagnoses) - consider multidisciplinary review,Review before discharge; follow-up visit within 7 days; case-manager call,0
327826496,41348178,Other,75,Male,0.633,HIGH,6,2+ inpatient stays in the past year - enrol in care-coordination programme | Diabetes medication dose changed this admission - medication reconciliation and patient education | High comorbidity burden (9+ diagnoses) - consider multidisciplinary review | Prolonged stay (8+ days) - confirm clinical stability before discharge | Polypharmacy (25+ medications) - pharmacist review | High risk and discharged home - arrange follow-up call within 48-72 hours,Review before discharge; follow-up visit within 7 days; case-manager call,1
270608736,49811742,Respiratory,55,Female,0.633,HIGH,3,2+ inpatient stays in the past year - enrol in care-coordination programme | Diabetes medication dose changed this admission - medication reconciliation and patient education | High comorbidity burden (9+ diagnoses) - consider multidisciplinary review,Review before discharge; follow-up visit within 7 days; case-manager call,1
65582760,6466167,Circulatory,85,Female,0.633,HIGH,1,2+ inpatient stays in the past year - enrol in care-coordination programme,Review before discharge; follow-up visit within 7 days; case-manager call,0
89774814,23643405,Digestive,25,Female,0.633,HIGH,5,2+ inpatient stays in the past year - enrol in care-coordination programme | 2+ emergency visits in the past year - review outpatient access and follow-up plan | Diabetes medication dose changed this admission - medication reconciliation and patient education | High comorbidity burden (9+ diagnoses) - consider multidisciplinary review | High risk and discharged home - arrange follow-up call within 48-72 hours,Review before discharge; follow-up visit within 7 days; case-manager call,0
118792404,113679288,Other,65,Male,0.633,HIGH,1,2+ inpatient stays in the past year - enrol in care-coordination programme,Review before discharge; follow-up visit within 7 days; case-manager call,0
357910604,41194809,Other,75,Male,0.633,HIGH,2,Diabetes medication dose changed this admission - medication reconciliation and patient education | High comorbidity burden (9+ diagnoses) - consider multidisciplinary review,Review before discharge; follow-up visit within 7 days; case-manager call,0
78067242,22218075,Respiratory,65,Male,0.633,HIGH,1,2+ inpatient stays in the past year - enrol in care-coordination programme,Review before discharge; follow-up visit within 7 days; case-manager call,1
201587850,94452147,Musculoskeletal,65,Female,0.633,HIGH,2,2+ inpatient stays in the past year - enrol in care-coordination programme | Diabetes medication dose changed this admission - medication reconciliation and patient education,Review before discharge; follow-up visit within 7 days; case-manager call,0
84580872,16156494,Diabetes,35,Male,0.633,HIGH,3,"2+ inpatient stays in the past year - enrol in care-coordination programme | HbA1c above 8% - poor glycaemic control, consider treatment review / endocrine follow-up | High risk and discharged home - arrange follow-up call within 48-72 hours",Review before discharge; follow-up visit within 7 days; case-manager call,0
375525056,107803611,Respiratory,85,Male,0.633,HIGH,4,2+ inpatient stays in the past year - enrol in care-coordination programme | High comorbidity burden (9+ diagnoses) - consider multidisciplinary review | Prolonged stay (8+ days) - confirm clinical stability before discharge | Polypharmacy (25+ medications) - pharmacist review,Review before discharge; follow-up visit within 7 days; case-manager call,1
166549002,40906323,Circulatory,85,Male,0.633,HIGH,2,2+ inpatient stays in the past year - enrol in care-coordination programme | Polypharmacy (25+ medications) - pharmacist review,Review before discharge; follow-up visit within 7 days; case-manager call,0
193635060,86870088,Digestive,45,Female,0.633,HIGH,4,2+ inpatient stays in the past year - enrol in care-coordination programme | High comorbidity burden (9+ diagnoses) - consider multidisciplinary review | Polypharmacy (25+ medications) - pharmacist review | High risk and discharged home - arrange follow-up call within 48-72 hours,Review before discharge; follow-up visit within 7 days; case-manager call,0
84968082,24209856,Genitourinary,35,Female,0.633,HIGH,2,2+ inpatient stays in the past year - enrol in care-coordination programme | Diabetes medication dose changed this admission - medication reconciliation and patient education,Review before discharge; follow-up visit within 7 days; case-manager call,0
171286404,80029386,Circulatory,55,Female,0.633,HIGH,3,2+ inpatient stays in the past year - enrol in care-coordination programme | High comorbidity burden (9+ diagnoses) - consider multidisciplinary review | High risk and discharged home - arrange follow-up call within 48-72 hours,Review before discharge; follow-up visit within 7 days; case-manager call,0
412063952,85029048,Other,35,Male,0.633,HIGH,4,2+ inpatient stays in the past year - enrol in care-coordination programme | 2+ emergency visits in the past year - review outpatient access and follow-up plan | High comorbidity burden (9+ diagnoses) - consider multidisciplinary review | High risk and discharged home - arrange follow-up call within 48-72 hours,Review before discharge; follow-up visit within 7 days; case-manager call,0
106769262,23559525,Other,75,Male,0.633,HIGH,2,2+ inpatient stays in the past year - enrol in care-coordination programme | High comorbidity burden (9+ diagnoses) - consider multidisciplinary review,Review before discharge; follow-up visit within 7 days; case-manager call,0
85856454,23643405,Digestive,25,Female,0.633,HIGH,5,2+ inpatient stays in the past year - enrol in care-coordination programme | 2+ emergency visits in the past year - review outpatient access and follow-up plan | Diabetes medication dose changed this admission - medication reconciliation and patient education | High comorbidity burden (9+ diagnoses) - consider multidisciplinary review | High risk and discharged home - arrange follow-up call within 48-72 hours,Review before discharge; follow-up visit within 7 days; case-manager call,1
185826714,91776843,Other,55,Male,0.633,HIGH,3,2+ inpatient stays in the past year - enrol in care-coordination programme | 2+ emergency visits in the past year - review outpatient access and follow-up plan | High comorbidity burden (9+ diagnoses) - consider multidisciplinary review,Review before discharge; follow-up visit within 7 days; case-manager call,0
263119020,90751788,Genitourinary,65,Female,0.632,HIGH,5,2+ inpatient stays in the past year - enrol in care-coordination programme | Diabetes medication dose changed this admission - medication reconciliation and patient education | High comorbidity burden (9+ diagnoses) - consider multidisciplinary review | Prolonged stay (8+ days) - confirm clinical stability before discharge | Polypharmacy (25+ medications) - pharmacist review,Review before discharge; follow-up visit within 7 days; case-manager call,0
205157556,84955059,Respiratory,65,Female,0.632,HIGH,2,2+ inpatient stays in the past year - enrol in care-coordination programme | High comorbidity burden (9+ diagnoses) - consider multidisciplinary review,Review before discharge; follow-up visit within 7 days; case-manager call,0
129796860,114287319,Circulatory,85,Female,0.632,HIGH,3,2+ inpatient stays in the past year - enrol in care-coordination programme | High comorbidity burden (9+ diagnoses) - consider multidisciplinary review | High risk and discharged home - arrange follow-up call within 48-72 hours,Review before discharge; follow-up visit within 7 days; case-manager call,0
90707388,91024623,Diabetes,55,Female,0.632,HIGH,1,2+ inpatient stays in the past year - enrol in care-coordination programme,Review before discharge; follow-up visit within 7 days; case-manager call,0
226477740,97341534,Circulatory,25,Male,0.632,HIGH,3,2+ inpatient stays in the past year - enrol in care-coordination programme | 2+ emergency visits in the past year - review outpatient access and follow-up plan | Prolonged stay (8+ days) - confirm clinical stability before discharge,Review before discharge; follow-up visit within 7 days; case-manager call,0
161014806,54564291,Injury,85,Male,0.632,HIGH,1,2+ inpatient stays in the past year - enrol in care-coordination programme,Review before discharge; follow-up visit within 7 days; case-manager call,1
182256498,34312311,Digestive,75,Female,0.632,HIGH,4,2+ inpatient stays in the past year - enrol in care-coordination programme | Diabetes medication dose changed this admission - medication reconciliation and patient education | High comorbidity burden (9+ diagnoses) - consider multidisciplinary review | Prolonged stay (8+ days) - confirm clinical stability before discharge,Review before discharge; follow-up visit within 7 days; case-manager call,0
28656204,23503464,Respiratory,75,Male,0.632,HIGH,1,2+ inpatient stays in the past year - enrol in care-coordination programme,Review before discharge; follow-up visit within 7 days; case-manager call,0
